offset,ratio,n_peers,corange,target_hit,peer_false,fallback,abs_err,label_mode,guard_factor
27.0,6.717363775719197,1,False,True,False,True,0.05053889751434326,exclude_with_fallback,1.0
1.0,3.916349170109908,1,False,False,False,True,0.829038992524147,exclude_with_fallback,1.0
20.0,0.8984013870260406,1,False,False,False,True,11.06115910410881,exclude_with_fallback,1.0
12.0,0.32011748037310267,1,False,False,False,False,10.687865108251572,exclude_with_fallback,1.0
20.0,5.670875285240066,1,False,True,False,True,0.03357964754104614,exclude_with_fallback,1.0
-2.0,5.1625885239573,1,False,False,False,True,3.133832663297653,exclude_with_fallback,1.0
8.0,3.888759784752877,1,False,False,False,True,2.1012178659439087,exclude_with_fallback,1.0
10.0,4.650631459796107,1,False,False,False,True,2.4021638929843903,exclude_with_fallback,1.0
2.0,3.3746105223784713,1,False,False,False,True,1.4493698626756668,exclude_with_fallback,1.0
4.0,15.860578334512923,1,False,False,False,True,0.7236877083778381,exclude_with_fallback,1.0
-3.0,4.13784645255564,1,False,False,False,False,0.9269492588937283,exclude_with_fallback,1.0
18.0,2.383237237887188,1,False,False,False,False,8.101297676563263,exclude_with_fallback,1.0
29.0,1.1135417647297166,1,False,False,False,False,4.0622148513793945,exclude_with_fallback,1.0
27.0,1.5534171810924793,1,False,False,False,False,17.858870685100555,exclude_with_fallback,1.0
27.0,5.708183068799068,1,False,False,False,False,2.072594404220581,exclude_with_fallback,1.0
27.0,2.3024280362843714,1,False,False,False,False,1.15683114528656,exclude_with_fallback,1.0
9.0,0.2925543771500662,1,False,False,False,True,8.184929445385933,exclude_with_fallback,1.0
5.0,2.6859772967273967,1,False,True,False,True,0.4744637906551361,exclude_with_fallback,1.0
19.0,0.20417996339269062,1,False,False,False,False,17.99496991932392,exclude_with_fallback,1.0
-4.0,9.462124343575669,1,False,False,False,True,1.1238566786050797,exclude_with_fallback,1.0
3.0,1.0115569841606564,1,False,False,False,True,0.8047630190849304,exclude_with_fallback,1.0
10.0,2.5756763663274214,1,False,False,False,False,2.667868673801422,exclude_with_fallback,1.0
25.0,0.3136318813713963,1,False,False,False,False,24.048661597073078,exclude_with_fallback,1.0
8.0,1.602912929539321,1,False,False,False,False,1.0228445827960968,exclude_with_fallback,1.0
13.0,1.3132477997122984,1,False,False,False,True,2.4155056178569794,exclude_with_fallback,1.0
2.0,3.583257904807532,1,False,False,False,False,1.235478937625885,exclude_with_fallback,1.0
-1.0,4.244517323498046,1,False,False,True,True,1.3328587710857391,exclude_with_fallback,1.0
22.0,2.400165146196247,1,False,True,False,False,0.09688109159469604,exclude_with_fallback,1.0
18.0,8.725250429329776,1,False,True,False,True,0.2595372796058655,exclude_with_fallback,1.0
13.0,6.010682546696134,1,False,True,False,False,0.35980939865112305,exclude_with_fallback,1.0
23.0,4.8964178579723,1,False,True,False,False,0.1802418828010559,exclude_with_fallback,1.0
24.0,1.7459839148974425,1,False,True,False,False,0.2885846495628357,exclude_with_fallback,1.0
5.0,1.4807665391738543,1,False,False,False,True,1.687785804271698,exclude_with_fallback,1.0
6.0,6.797296715136051,1,False,False,False,True,5.217707589268684,exclude_with_fallback,1.0
12.0,3.675498615111312,1,False,False,False,False,0.5841118693351746,exclude_with_fallback,1.0
23.0,1.5652229688922419,1,False,True,False,False,0.09032171964645386,exclude_with_fallback,1.0
-4.0,6.320754605824382,1,False,False,False,True,5.894660547375679,exclude_with_fallback,1.0
6.0,0.6284558765947468,1,False,False,False,False,4.4227296113967896,exclude_with_fallback,1.0
19.0,0.33637343722868995,1,False,False,False,False,18.010446060448885,exclude_with_fallback,1.0
5.0,0.49388375415562163,1,False,False,False,False,4.072482630610466,exclude_with_fallback,1.0
2.0,13.63421371091043,1,False,True,False,True,0.2449321746826172,exclude_with_fallback,1.0
-5.0,5.956177322294892,1,False,False,False,True,2.474557563662529,exclude_with_fallback,1.0
13.0,0.37514473896198,1,False,False,False,False,11.99275454506278,exclude_with_fallback,1.0
24.0,4.538564970826284,1,False,False,False,True,17.62330937385559,exclude_with_fallback,1.0
8.0,0.36460098766473853,1,False,False,False,False,7.017767891287804,exclude_with_fallback,1.0
18.0,2.9874908591899034,1,False,False,False,False,2.6874642968177795,exclude_with_fallback,1.0
1.0,3.463041519794866,1,False,True,False,True,0.3837784379720688,exclude_with_fallback,1.0
7.0,5.855415575422303,1,False,True,False,True,0.4598052203655243,exclude_with_fallback,1.0
20.0,0.8969909385897871,1,False,False,False,True,18.652580365538597,exclude_with_fallback,1.0
31.0,0.28020024341893235,1,False,False,False,False,30.15002967044711,exclude_with_fallback,1.0
9.0,2.9361652938689,1,False,False,False,True,1.0411864519119263,exclude_with_fallback,1.0
19.0,9.599614473561367,1,False,False,False,True,10.451689660549164,exclude_with_fallback,1.0
10.0,5.5361000700958165,1,False,False,True,False,10.217800065875053,exclude_with_fallback,1.0
-4.0,3.796861627264524,1,False,False,False,True,1.2554477900266647,exclude_with_fallback,1.0
30.0,0.5976610105467958,1,False,False,False,False,23.94796398282051,exclude_with_fallback,1.0
3.0,0.7358524580049923,1,False,False,False,False,1.7668291553854942,exclude_with_fallback,1.0
-3.0,4.130712103490628,1,False,False,False,False,1.0783329904079437,exclude_with_fallback,1.0
5.0,13.659147396859645,1,False,True,False,True,0.43349525332450867,exclude_with_fallback,1.0
11.0,4.392391527730265,1,False,False,False,True,1.1335438787937164,exclude_with_fallback,1.0
15.0,1.5596000834512838,1,False,False,False,False,1.7671359777450562,exclude_with_fallback,1.0
26.0,3.7733929504688053,1,False,True,False,True,0.197803795337677,exclude_with_fallback,1.0
16.0,2.6268649009457548,1,False,True,False,False,0.3514113426208496,exclude_with_fallback,1.0
6.0,0.34967288672867114,1,False,False,False,False,4.9083733558654785,exclude_with_fallback,1.0
10.0,1.767924688395875,1,False,False,False,True,1.8289543688297272,exclude_with_fallback,1.0
10.0,4.803470199606329,1,False,False,False,False,2.016758978366852,exclude_with_fallback,1.0
7.0,9.916199218871306,1,False,True,False,True,0.4057956635951996,exclude_with_fallback,1.0
10.0,2.66770035722698,1,False,False,False,False,6.1920411586761475,exclude_with_fallback,1.0
3.0,1.11242669665557,1,False,False,False,False,0.5978689342737198,exclude_with_fallback,1.0
16.0,1.2610260179712767,1,False,False,False,False,0.8770403265953064,exclude_with_fallback,1.0
7.0,0.27612617205721013,1,False,False,False,False,6.23186706751585,exclude_with_fallback,1.0
22.0,0.684749052583805,1,False,False,False,True,19.94340793043375,exclude_with_fallback,1.0
-1.0,1.6948281264086222,1,False,False,True,True,1.0850531160831451,exclude_with_fallback,1.0
24.0,8.297238903120451,1,False,True,False,False,0.18805360794067383,exclude_with_fallback,1.0
25.0,6.454182019814955,1,False,False,False,True,0.7654832005500793,exclude_with_fallback,1.0
22.0,1.4515035433488004,1,False,False,False,True,3.0423301458358765,exclude_with_fallback,1.0
-2.0,5.404967837191905,1,False,False,False,False,2.887479603290558,exclude_with_fallback,1.0
4.0,1.7434902449244207,1,False,False,False,False,1.3375077843666077,exclude_with_fallback,1.0
13.0,3.964080164278853,1,False,False,False,True,1.1769840717315674,exclude_with_fallback,1.0
7.0,11.332069558477427,1,False,False,False,True,0.5399713814258575,exclude_with_fallback,1.0
1.0,3.141695101281657,1,False,False,False,True,0.7111703008413315,exclude_with_fallback,1.0
14.0,6.375202970465451,1,False,False,False,False,0.6092978119850159,exclude_with_fallback,1.0
24.0,7.262431252341299,1,False,False,False,False,0.741295576095581,exclude_with_fallback,1.0
4.0,2.162267702110958,1,False,False,False,False,1.2235701084136963,exclude_with_fallback,1.0
24.0,9.834015237538237,1,False,False,False,False,0.5429598093032837,exclude_with_fallback,1.0
13.0,2.3028808473717866,1,False,False,False,False,1.3119465112686157,exclude_with_fallback,1.0
19.0,7.97234753553728,1,False,True,False,True,0.05926311016082764,exclude_with_fallback,1.0
30.0,0.25640635113991617,1,False,False,False,False,29.124226070940495,exclude_with_fallback,1.0
7.0,0.41434871836228887,1,False,False,False,True,6.158987175673246,exclude_with_fallback,1.0
13.0,5.742150382196453,1,False,False,False,True,2.938847929239273,exclude_with_fallback,1.0
1.0,11.572148985637321,1,False,False,False,True,0.768947184085846,exclude_with_fallback,1.0
5.0,3.5356280498070225,1,False,False,False,False,0.7806574702262878,exclude_with_fallback,1.0
30.0,1.1608885267423497,1,False,False,False,False,7.6721819043159485,exclude_with_fallback,1.0
30.0,0.9331566613596685,1,False,False,False,True,21.08519133925438,exclude_with_fallback,1.0
19.0,2.1211191376354517,1,False,False,False,True,0.6458753347396851,exclude_with_fallback,1.0
14.0,0.19938919842611547,1,False,False,False,True,13.135018222033978,exclude_with_fallback,1.0
15.0,0.9940727065330678,1,False,False,False,True,7.56838721036911,exclude_with_fallback,1.0
20.0,3.043151584960847,1,False,False,False,False,5.4063650369644165,exclude_with_fallback,1.0
2.0,10.830253448130085,1,False,False,False,False,0.7210381329059601,exclude_with_fallback,1.0
9.0,2.7232961352597793,1,False,False,False,False,1.2414970695972443,exclude_with_fallback,1.0
22.0,0.49075795641946274,1,False,False,False,False,20.480332300066948,exclude_with_fallback,1.0
17.0,0.36664221853402307,1,False,False,False,False,16.027054768055677,exclude_with_fallback,1.0
11.0,2.292080456874169,1,False,False,False,True,2.349059045314789,exclude_with_fallback,1.0
-1.0,2.611506494849522,1,False,False,False,True,1.5312901511788368,exclude_with_fallback,1.0
2.0,4.386906035576872,1,False,False,False,True,0.8781543672084808,exclude_with_fallback,1.0
3.0,0.3675011995754428,1,False,False,False,False,1.953257478773594,exclude_with_fallback,1.0
22.0,3.6050396754891665,1,False,True,False,True,0.3943674564361572,exclude_with_fallback,1.0
14.0,0.638721070276975,1,False,False,False,True,12.592162229120731,exclude_with_fallback,1.0
11.0,2.8417189363397553,1,False,False,False,True,0.6258682608604431,exclude_with_fallback,1.0
5.0,3.6487682489291027,1,False,False,False,False,0.8825633823871613,exclude_with_fallback,1.0
17.0,9.80411850107497,1,False,False,False,True,0.8488025665283203,exclude_with_fallback,1.0
7.0,1.3483375647939835,1,False,False,False,True,5.471241071820259,exclude_with_fallback,1.0
23.0,0.7694959637809234,1,False,False,False,True,18.997607484459877,exclude_with_fallback,1.0
5.0,0.30039994108209,1,False,False,False,False,4.046240799129009,exclude_with_fallback,1.0
9.0,2.191587176582882,1,False,True,False,False,0.3274676203727722,exclude_with_fallback,1.0
1.0,0.8829275912494793,1,False,True,False,True,0.0035585537552833557,exclude_with_fallback,1.0
25.0,7.17994216396345,1,False,True,False,True,0.3077918291091919,exclude_with_fallback,1.0
24.0,3.877335709173235,1,False,False,False,True,1.400722622871399,exclude_with_fallback,1.0
23.0,8.980962680139056,1,False,False,False,True,20.437426507472992,exclude_with_fallback,1.0
21.0,6.448768325514828,1,False,False,False,True,3.196815550327301,exclude_with_fallback,1.0
13.0,0.30457751593614607,1,False,False,False,False,12.179306387901306,exclude_with_fallback,1.0
23.0,1.4458481449942946,1,False,False,False,True,2.2229455709457397,exclude_with_fallback,1.0
3.0,7.545116918527096,1,False,False,False,True,1.011336863040924,exclude_with_fallback,1.0
17.0,2.3107973928561774,1,False,True,False,True,0.0967370867729187,exclude_with_fallback,1.0
9.0,6.858603410357665,1,False,False,False,True,1.6740655899047852,exclude_with_fallback,1.0
12.0,3.224671686601389,1,False,False,False,False,2.3214892148971558,exclude_with_fallback,1.0
16.0,0.699632740015087,1,False,False,False,False,12.727856129407883,exclude_with_fallback,1.0
-3.0,5.3902723171371525,1,False,False,False,True,0.6823806539177895,exclude_with_fallback,1.0
23.0,8.748427544418929,1,False,False,False,True,5.547402381896973,exclude_with_fallback,1.0
8.0,2.3383468855312515,1,False,False,False,False,3.1172947883605957,exclude_with_fallback,1.0
16.0,2.673068862951348,1,False,False,False,True,1.8061485886573792,exclude_with_fallback,1.0
20.0,3.6589547270969383,1,False,False,False,True,9.020243406295776,exclude_with_fallback,1.0
1.0,4.362862775137341,1,False,False,False,True,0.8766889572143555,exclude_with_fallback,1.0
17.0,3.2970656912544833,1,False,False,False,True,0.8263429999351501,exclude_with_fallback,1.0
7.0,1.6597949224199193,1,False,False,False,False,0.6341952085494995,exclude_with_fallback,1.0
6.0,4.512487196728642,1,False,False,False,False,0.8399542570114136,exclude_with_fallback,1.0
12.0,1.1554713590300367,1,False,False,False,False,6.822921350598335,exclude_with_fallback,1.0
18.0,5.783224158609711,1,False,False,False,False,1.2734785676002502,exclude_with_fallback,1.0
30.0,0.9716617528593902,1,False,False,False,True,21.872471272945404,exclude_with_fallback,1.0
16.0,0.7852030372628135,1,False,False,False,False,12.35514897108078,exclude_with_fallback,1.0
19.0,8.000024708022881,1,False,True,False,True,0.4120587706565857,exclude_with_fallback,1.0
5.0,5.83367167749097,1,False,False,False,False,1.4302579462528229,exclude_with_fallback,1.0
-1.0,4.260426893020222,1,False,False,False,True,4.983254671096802,exclude_with_fallback,1.0
30.0,0.3402661999942966,1,False,False,False,False,29.030922904610634,exclude_with_fallback,1.0
26.0,0.2194227304968923,1,False,False,False,False,25.15927877649665,exclude_with_fallback,1.0
0.0,11.422728001372452,1,True,False,False,True,0.8463920056819916,exclude_with_fallback,1.0
1.0,12.935486263913566,1,False,False,False,True,2.2560317516326904,exclude_with_fallback,1.0
0.0,1.3670721633019398,1,True,False,False,True,0.8226735666394234,exclude_with_fallback,1.0
-1.0,2.3838270929039638,1,False,False,False,False,3.653670847415924,exclude_with_fallback,1.0
7.0,1.377513959043052,1,False,False,False,False,1.8354686498641968,exclude_with_fallback,1.0
-4.0,6.045978334995173,1,False,False,False,True,1.2756395488977432,exclude_with_fallback,1.0
25.0,1.2004411743511227,1,False,False,False,False,13.807315856218338,exclude_with_fallback,1.0
-1.0,3.638438603754789,1,False,False,False,False,1.5058478862047195,exclude_with_fallback,1.0
26.0,6.715189351388752,1,False,False,False,True,23.48205867409706,exclude_with_fallback,1.0
2.0,1.3496290696526356,1,False,True,False,True,0.2482067048549652,exclude_with_fallback,1.0
0.0,6.049594099139554,1,True,False,False,True,0.5173447579145432,exclude_with_fallback,1.0
27.0,3.100047938782831,1,False,False,False,True,7.987257361412048,exclude_with_fallback,1.0
10.0,4.296367718753293,1,False,False,False,False,0.5561909675598145,exclude_with_fallback,1.0
10.0,11.237874147963916,1,False,False,False,True,0.6060326099395752,exclude_with_fallback,1.0
-2.0,4.289085030246604,1,False,False,False,True,0.9499962031841278,exclude_with_fallback,1.0
8.0,2.1030147499738447,1,False,False,False,False,1.4306647777557373,exclude_with_fallback,1.0
1.0,12.839080758004725,1,False,False,False,True,1.4408102631568909,exclude_with_fallback,1.0
8.0,9.117569090634715,1,False,False,False,True,1.0497417747974396,exclude_with_fallback,1.0
25.0,1.3926519235073944,1,False,False,False,True,3.7861226201057434,exclude_with_fallback,1.0
20.0,3.6907337704067853,1,False,False,False,False,1.933650016784668,exclude_with_fallback,1.0
18.0,0.5163369621991903,1,False,False,False,False,16.714957892894745,exclude_with_fallback,1.0
-2.0,3.657724661042441,1,False,False,False,True,0.9854407012462616,exclude_with_fallback,1.0
25.0,0.5740446120565298,1,False,False,False,False,23.258463442325592,exclude_with_fallback,1.0
18.0,4.407105284832752,1,False,False,False,False,1.5598384737968445,exclude_with_fallback,1.0
0.0,2.6852703939870226,1,True,False,False,True,1.1762880310416222,exclude_with_fallback,1.0
16.0,1.4433231518661784,1,False,False,False,True,8.638182580471039,exclude_with_fallback,1.0
10.0,8.524372721649918,1,False,False,False,True,5.713967263698578,exclude_with_fallback,1.0
9.0,2.8439460663488765,1,False,True,False,False,0.3740735948085785,exclude_with_fallback,1.0
24.0,1.974834257036187,1,False,False,False,True,1.069591999053955,exclude_with_fallback,1.0
24.0,0.254692088436148,1,False,False,False,False,22.967746701091528,exclude_with_fallback,1.0
4.0,1.2909583937902946,1,False,True,False,False,0.22847852110862732,exclude_with_fallback,1.0
-6.0,11.961862010551014,1,False,False,False,True,0.9630289897322655,exclude_with_fallback,1.0
6.0,4.906831390565829,1,False,True,False,True,0.47513461112976074,exclude_with_fallback,1.0
23.0,1.642050287524622,1,False,True,False,False,0.3065606355667114,exclude_with_fallback,1.0
-7.0,12.09682026147541,1,False,False,False,True,0.8999520875513554,exclude_with_fallback,1.0
22.0,1.0865306483463135,1,False,False,False,True,8.917400300502777,exclude_with_fallback,1.0
24.0,0.4876248112090729,1,False,False,False,False,22.75628087669611,exclude_with_fallback,1.0
-4.0,4.152706522207059,1,False,False,False,True,2.299205645918846,exclude_with_fallback,1.0
20.0,1.1169300794757846,1,False,False,False,False,0.6102341413497925,exclude_with_fallback,1.0
26.0,0.7071750869805252,1,False,False,False,False,14.48888087272644,exclude_with_fallback,1.0
5.0,0.26232467085618305,1,False,False,False,False,4.083365935832262,exclude_with_fallback,1.0
17.0,2.207722318742887,1,False,False,False,False,0.7062683701515198,exclude_with_fallback,1.0
4.0,3.932634494634387,1,False,False,False,False,2.3469974994659424,exclude_with_fallback,1.0
8.0,10.31274486728443,1,False,True,False,True,0.46604639291763306,exclude_with_fallback,1.0
8.0,8.446899649187298,1,False,False,False,True,1.367010474205017,exclude_with_fallback,1.0
-1.0,5.048200207271606,1,False,False,True,True,1.0653291195631027,exclude_with_fallback,1.0
31.0,0.26080472472237126,1,False,False,False,False,30.132143303751945,exclude_with_fallback,1.0
12.0,4.456699535166156,1,False,True,False,True,0.24603396654129028,exclude_with_fallback,1.0
-2.0,5.532084279560778,1,False,False,False,False,1.2479055672883987,exclude_with_fallback,1.0
3.0,5.3059243482307785,1,False,False,False,False,4.426314353942871,exclude_with_fallback,1.0
0.0,9.740715742669353,1,True,False,False,True,0.979626014828682,exclude_with_fallback,1.0
7.0,0.321672576851928,1,False,False,False,False,6.135751187801361,exclude_with_fallback,1.0
10.0,8.19830118703512,1,False,False,False,False,4.221373349428177,exclude_with_fallback,1.0
7.0,13.948134241048061,1,False,True,False,True,0.3565491735935211,exclude_with_fallback,1.0
28.0,1.8805043016959946,1,False,False,False,True,23.021814227104187,exclude_with_fallback,1.0
7.0,0.3197105783830417,1,False,False,False,False,6.1430515348911285,exclude_with_fallback,1.0
27.0,6.717363775719197,1,False,True,False,True,0.05053889751434326,exclude_with_fallback,1.5
1.0,3.916349170109908,1,False,False,False,True,0.829038992524147,exclude_with_fallback,1.5
20.0,0.8984013870260406,1,False,False,False,False,11.06115910410881,exclude_with_fallback,1.5
12.0,0.32011748037310267,1,False,False,False,False,10.687865108251572,exclude_with_fallback,1.5
20.0,5.670875285240066,1,False,True,False,True,0.03357964754104614,exclude_with_fallback,1.5
-2.0,5.1625885239573,1,False,False,False,True,3.133832663297653,exclude_with_fallback,1.5
8.0,3.888759784752877,1,False,False,False,True,2.1012178659439087,exclude_with_fallback,1.5
10.0,4.650631459796107,1,False,False,False,True,2.4021638929843903,exclude_with_fallback,1.5
2.0,3.3746105223784713,1,False,False,False,True,1.4493698626756668,exclude_with_fallback,1.5
4.0,15.860578334512923,1,False,False,False,True,0.7236877083778381,exclude_with_fallback,1.5
-3.0,4.13784645255564,1,False,False,False,False,0.9269492588937283,exclude_with_fallback,1.5
18.0,2.383237237887188,1,False,False,False,False,8.101297676563263,exclude_with_fallback,1.5
29.0,1.1135417647297166,1,False,False,False,False,4.0622148513793945,exclude_with_fallback,1.5
27.0,1.5534171810924793,1,False,False,False,False,17.858870685100555,exclude_with_fallback,1.5
27.0,5.708183068799068,1,False,False,False,False,2.072594404220581,exclude_with_fallback,1.5
27.0,2.3024280362843714,1,False,False,False,False,1.15683114528656,exclude_with_fallback,1.5
9.0,0.2925543771500662,1,False,False,False,False,8.184929445385933,exclude_with_fallback,1.5
5.0,2.6859772967273967,1,False,True,False,True,0.4744637906551361,exclude_with_fallback,1.5
19.0,0.20417996339269062,1,False,False,False,False,17.99496991932392,exclude_with_fallback,1.5
-4.0,9.462124343575669,1,False,False,False,False,1.1238566786050797,exclude_with_fallback,1.5
3.0,1.0115569841606564,1,False,False,False,False,0.8047630190849304,exclude_with_fallback,1.5
10.0,2.5756763663274214,1,False,False,False,False,2.667868673801422,exclude_with_fallback,1.5
25.0,0.3136318813713963,1,False,False,False,False,24.048661597073078,exclude_with_fallback,1.5
8.0,1.602912929539321,1,False,False,False,False,1.0228445827960968,exclude_with_fallback,1.5
13.0,1.3132477997122984,1,False,False,False,False,2.4155056178569794,exclude_with_fallback,1.5
2.0,3.583257904807532,1,False,False,False,False,1.235478937625885,exclude_with_fallback,1.5
-1.0,4.244517323498046,1,False,False,True,True,1.3328587710857391,exclude_with_fallback,1.5
22.0,2.400165146196247,1,False,True,False,False,0.09688109159469604,exclude_with_fallback,1.5
18.0,8.725250429329776,1,False,True,False,True,0.2595372796058655,exclude_with_fallback,1.5
13.0,6.010682546696134,1,False,True,False,False,0.35980939865112305,exclude_with_fallback,1.5
23.0,4.8964178579723,1,False,True,False,False,0.1802418828010559,exclude_with_fallback,1.5
24.0,1.7459839148974425,1,False,True,False,False,0.2885846495628357,exclude_with_fallback,1.5
5.0,1.4807665391738543,1,False,False,False,False,1.687785804271698,exclude_with_fallback,1.5
6.0,6.797296715136051,1,False,False,False,False,5.217707589268684,exclude_with_fallback,1.5
12.0,3.675498615111312,1,False,False,False,False,0.5841118693351746,exclude_with_fallback,1.5
23.0,1.5652229688922419,1,False,True,False,False,0.09032171964645386,exclude_with_fallback,1.5
-4.0,6.320754605824382,1,False,False,False,True,5.894660547375679,exclude_with_fallback,1.5
6.0,0.6284558765947468,1,False,False,False,False,4.4227296113967896,exclude_with_fallback,1.5
19.0,0.33637343722868995,1,False,False,False,False,18.010446060448885,exclude_with_fallback,1.5
5.0,0.49388375415562163,1,False,False,False,False,4.072482630610466,exclude_with_fallback,1.5
2.0,13.63421371091043,1,False,True,False,True,0.2449321746826172,exclude_with_fallback,1.5
-5.0,5.956177322294892,1,False,False,False,True,2.474557563662529,exclude_with_fallback,1.5
13.0,0.37514473896198,1,False,False,False,False,11.99275454506278,exclude_with_fallback,1.5
24.0,4.538564970826284,1,False,False,False,True,17.62330937385559,exclude_with_fallback,1.5
8.0,0.36460098766473853,1,False,False,False,False,7.017767891287804,exclude_with_fallback,1.5
18.0,2.9874908591899034,1,False,False,False,False,2.6874642968177795,exclude_with_fallback,1.5
1.0,3.463041519794866,1,False,True,False,False,0.3837784379720688,exclude_with_fallback,1.5
7.0,5.855415575422303,1,False,True,False,True,0.4598052203655243,exclude_with_fallback,1.5
20.0,0.8969909385897871,1,False,False,False,False,18.652580365538597,exclude_with_fallback,1.5
31.0,0.28020024341893235,1,False,False,False,False,30.15002967044711,exclude_with_fallback,1.5
9.0,2.9361652938689,1,False,False,False,False,1.0411864519119263,exclude_with_fallback,1.5
19.0,9.599614473561367,1,False,False,False,True,10.451689660549164,exclude_with_fallback,1.5
10.0,5.5361000700958165,1,False,False,True,False,10.217800065875053,exclude_with_fallback,1.5
-4.0,3.796861627264524,1,False,False,False,True,1.2554477900266647,exclude_with_fallback,1.5
30.0,0.5976610105467958,1,False,False,False,False,23.94796398282051,exclude_with_fallback,1.5
3.0,0.7358524580049923,1,False,False,False,False,1.7668291553854942,exclude_with_fallback,1.5
-3.0,4.130712103490628,1,False,False,False,False,1.0783329904079437,exclude_with_fallback,1.5
5.0,13.659147396859645,1,False,True,False,True,0.43349525332450867,exclude_with_fallback,1.5
11.0,4.392391527730265,1,False,False,False,True,1.1335438787937164,exclude_with_fallback,1.5
15.0,1.5596000834512838,1,False,False,False,False,1.7671359777450562,exclude_with_fallback,1.5
26.0,3.7733929504688053,1,False,True,False,False,0.197803795337677,exclude_with_fallback,1.5
16.0,2.6268649009457548,1,False,True,False,False,0.3514113426208496,exclude_with_fallback,1.5
6.0,0.34967288672867114,1,False,False,False,False,4.9083733558654785,exclude_with_fallback,1.5
10.0,1.767924688395875,1,False,False,False,True,1.8289543688297272,exclude_with_fallback,1.5
10.0,4.803470199606329,1,False,False,False,False,2.016758978366852,exclude_with_fallback,1.5
7.0,9.916199218871306,1,False,True,False,True,0.4057956635951996,exclude_with_fallback,1.5
10.0,2.66770035722698,1,False,False,False,False,6.1920411586761475,exclude_with_fallback,1.5
3.0,1.11242669665557,1,False,False,False,False,0.5978689342737198,exclude_with_fallback,1.5
16.0,1.2610260179712767,1,False,False,False,False,0.8770403265953064,exclude_with_fallback,1.5
7.0,0.27612617205721013,1,False,False,False,False,6.23186706751585,exclude_with_fallback,1.5
22.0,0.684749052583805,1,False,False,False,False,19.94340793043375,exclude_with_fallback,1.5
-1.0,1.6948281264086222,1,False,False,True,False,1.0850531160831451,exclude_with_fallback,1.5
24.0,8.297238903120451,1,False,True,False,False,0.18805360794067383,exclude_with_fallback,1.5
25.0,6.454182019814955,1,False,False,False,True,0.7654832005500793,exclude_with_fallback,1.5
22.0,1.4515035433488004,1,False,False,False,False,3.0423301458358765,exclude_with_fallback,1.5
-2.0,5.404967837191905,1,False,False,False,False,2.887479603290558,exclude_with_fallback,1.5
4.0,1.7434902449244207,1,False,False,False,False,1.3375077843666077,exclude_with_fallback,1.5
13.0,3.964080164278853,1,False,False,False,True,1.1769840717315674,exclude_with_fallback,1.5
7.0,11.332069558477427,1,False,False,False,False,0.5399713814258575,exclude_with_fallback,1.5
1.0,3.141695101281657,1,False,False,False,False,0.7111703008413315,exclude_with_fallback,1.5
14.0,6.375202970465451,1,False,False,False,False,0.6092978119850159,exclude_with_fallback,1.5
24.0,7.262431252341299,1,False,False,False,False,0.741295576095581,exclude_with_fallback,1.5
4.0,2.162267702110958,1,False,False,False,False,1.2235701084136963,exclude_with_fallback,1.5
24.0,9.834015237538237,1,False,False,False,False,0.5429598093032837,exclude_with_fallback,1.5
13.0,2.3028808473717866,1,False,False,False,False,1.3119465112686157,exclude_with_fallback,1.5
19.0,7.97234753553728,1,False,True,False,False,0.05926311016082764,exclude_with_fallback,1.5
30.0,0.25640635113991617,1,False,False,False,False,29.124226070940495,exclude_with_fallback,1.5
7.0,0.41434871836228887,1,False,False,False,False,6.158987175673246,exclude_with_fallback,1.5
13.0,5.742150382196453,1,False,False,False,False,2.938847929239273,exclude_with_fallback,1.5
1.0,11.572148985637321,1,False,False,False,True,0.768947184085846,exclude_with_fallback,1.5
5.0,3.5356280498070225,1,False,False,False,False,0.7806574702262878,exclude_with_fallback,1.5
30.0,1.1608885267423497,1,False,False,False,False,7.6721819043159485,exclude_with_fallback,1.5
30.0,0.9331566613596685,1,False,False,False,False,21.08519133925438,exclude_with_fallback,1.5
19.0,2.1211191376354517,1,False,False,False,False,0.6458753347396851,exclude_with_fallback,1.5
14.0,0.19938919842611547,1,False,False,False,False,13.135018222033978,exclude_with_fallback,1.5
15.0,0.9940727065330678,1,False,False,False,False,7.56838721036911,exclude_with_fallback,1.5
20.0,3.043151584960847,1,False,False,False,False,5.4063650369644165,exclude_with_fallback,1.5
2.0,10.830253448130085,1,False,False,False,False,0.7210381329059601,exclude_with_fallback,1.5
9.0,2.7232961352597793,1,False,False,False,False,1.2414970695972443,exclude_with_fallback,1.5
22.0,0.49075795641946274,1,False,False,False,False,20.480332300066948,exclude_with_fallback,1.5
17.0,0.36664221853402307,1,False,False,False,False,16.027054768055677,exclude_with_fallback,1.5
11.0,2.292080456874169,1,False,False,False,False,2.349059045314789,exclude_with_fallback,1.5
-1.0,2.611506494849522,1,False,False,False,False,1.5312901511788368,exclude_with_fallback,1.5
2.0,4.386906035576872,1,False,False,False,True,0.8781543672084808,exclude_with_fallback,1.5
3.0,0.3675011995754428,1,False,False,False,False,1.953257478773594,exclude_with_fallback,1.5
22.0,3.6050396754891665,1,False,True,False,True,0.3943674564361572,exclude_with_fallback,1.5
14.0,0.638721070276975,1,False,False,False,False,12.592162229120731,exclude_with_fallback,1.5
11.0,2.8417189363397553,1,False,False,False,False,0.6258682608604431,exclude_with_fallback,1.5
5.0,3.6487682489291027,1,False,False,False,False,0.8825633823871613,exclude_with_fallback,1.5
17.0,9.80411850107497,1,False,False,False,True,0.8488025665283203,exclude_with_fallback,1.5
7.0,1.3483375647939835,1,False,False,False,True,5.471241071820259,exclude_with_fallback,1.5
23.0,0.7694959637809234,1,False,False,False,False,18.997607484459877,exclude_with_fallback,1.5
5.0,0.30039994108209,1,False,False,False,False,4.046240799129009,exclude_with_fallback,1.5
9.0,2.191587176582882,1,False,True,False,False,0.3274676203727722,exclude_with_fallback,1.5
1.0,0.8829275912494793,1,False,True,False,False,0.0035585537552833557,exclude_with_fallback,1.5
25.0,7.17994216396345,1,False,True,False,False,0.3077918291091919,exclude_with_fallback,1.5
24.0,3.877335709173235,1,False,False,False,False,1.400722622871399,exclude_with_fallback,1.5
23.0,8.980962680139056,1,False,False,False,True,20.437426507472992,exclude_with_fallback,1.5
21.0,6.448768325514828,1,False,False,False,True,3.196815550327301,exclude_with_fallback,1.5
13.0,0.30457751593614607,1,False,False,False,False,12.179306387901306,exclude_with_fallback,1.5
23.0,1.4458481449942946,1,False,False,False,False,2.2229455709457397,exclude_with_fallback,1.5
3.0,7.545116918527096,1,False,False,False,True,1.011336863040924,exclude_with_fallback,1.5
17.0,2.3107973928561774,1,False,True,False,False,0.0967370867729187,exclude_with_fallback,1.5
9.0,6.858603410357665,1,False,False,False,False,1.6740655899047852,exclude_with_fallback,1.5
12.0,3.224671686601389,1,False,False,False,False,2.3214892148971558,exclude_with_fallback,1.5
16.0,0.699632740015087,1,False,False,False,False,12.727856129407883,exclude_with_fallback,1.5
-3.0,5.3902723171371525,1,False,False,False,False,0.6823806539177895,exclude_with_fallback,1.5
23.0,8.748427544418929,1,False,False,False,True,5.547402381896973,exclude_with_fallback,1.5
8.0,2.3383468855312515,1,False,False,False,False,3.1172947883605957,exclude_with_fallback,1.5
16.0,2.673068862951348,1,False,False,False,False,1.8061485886573792,exclude_with_fallback,1.5
20.0,3.6589547270969383,1,False,False,False,True,9.020243406295776,exclude_with_fallback,1.5
1.0,4.362862775137341,1,False,False,False,True,0.8766889572143555,exclude_with_fallback,1.5
17.0,3.2970656912544833,1,False,False,False,False,0.8263429999351501,exclude_with_fallback,1.5
7.0,1.6597949224199193,1,False,False,False,False,0.6341952085494995,exclude_with_fallback,1.5
6.0,4.512487196728642,1,False,False,False,False,0.8399542570114136,exclude_with_fallback,1.5
12.0,1.1554713590300367,1,False,False,False,False,6.822921350598335,exclude_with_fallback,1.5
18.0,5.783224158609711,1,False,False,False,False,1.2734785676002502,exclude_with_fallback,1.5
30.0,0.9716617528593902,1,False,False,False,False,21.872471272945404,exclude_with_fallback,1.5
16.0,0.7852030372628135,1,False,False,False,False,12.35514897108078,exclude_with_fallback,1.5
19.0,8.000024708022881,1,False,True,False,False,0.4120587706565857,exclude_with_fallback,1.5
5.0,5.83367167749097,1,False,False,False,False,1.4302579462528229,exclude_with_fallback,1.5
-1.0,4.260426893020222,1,False,False,False,False,4.983254671096802,exclude_with_fallback,1.5
30.0,0.3402661999942966,1,False,False,False,False,29.030922904610634,exclude_with_fallback,1.5
26.0,0.2194227304968923,1,False,False,False,False,25.15927877649665,exclude_with_fallback,1.5
0.0,11.422728001372452,1,True,False,False,True,0.8463920056819916,exclude_with_fallback,1.5
1.0,12.935486263913566,1,False,False,False,True,2.2560317516326904,exclude_with_fallback,1.5
0.0,1.3670721633019398,1,True,False,False,False,0.8226735666394234,exclude_with_fallback,1.5
-1.0,2.3838270929039638,1,False,False,False,False,3.653670847415924,exclude_with_fallback,1.5
7.0,1.377513959043052,1,False,False,False,False,1.8354686498641968,exclude_with_fallback,1.5
-4.0,6.045978334995173,1,False,False,False,True,1.2756395488977432,exclude_with_fallback,1.5
25.0,1.2004411743511227,1,False,False,False,False,13.807315856218338,exclude_with_fallback,1.5
-1.0,3.638438603754789,1,False,False,False,False,1.5058478862047195,exclude_with_fallback,1.5
26.0,6.715189351388752,1,False,False,False,True,23.48205867409706,exclude_with_fallback,1.5
2.0,1.3496290696526356,1,False,True,False,False,0.2482067048549652,exclude_with_fallback,1.5
0.0,6.049594099139554,1,True,False,False,True,0.5173447579145432,exclude_with_fallback,1.5
27.0,3.100047938782831,1,False,False,False,True,7.987257361412048,exclude_with_fallback,1.5
10.0,4.296367718753293,1,False,False,False,False,0.5561909675598145,exclude_with_fallback,1.5
10.0,11.237874147963916,1,False,False,False,True,0.6060326099395752,exclude_with_fallback,1.5
-2.0,4.289085030246604,1,False,False,False,False,0.9499962031841278,exclude_with_fallback,1.5
8.0,2.1030147499738447,1,False,False,False,False,1.4306647777557373,exclude_with_fallback,1.5
1.0,12.839080758004725,1,False,False,False,True,1.4408102631568909,exclude_with_fallback,1.5
8.0,9.117569090634715,1,False,False,False,True,1.0497417747974396,exclude_with_fallback,1.5
25.0,1.3926519235073944,1,False,False,False,False,3.7861226201057434,exclude_with_fallback,1.5
20.0,3.6907337704067853,1,False,False,False,False,1.933650016784668,exclude_with_fallback,1.5
18.0,0.5163369621991903,1,False,False,False,False,16.714957892894745,exclude_with_fallback,1.5
-2.0,3.657724661042441,1,False,False,False,True,0.9854407012462616,exclude_with_fallback,1.5
25.0,0.5740446120565298,1,False,False,False,False,23.258463442325592,exclude_with_fallback,1.5
18.0,4.407105284832752,1,False,False,False,False,1.5598384737968445,exclude_with_fallback,1.5
0.0,2.6852703939870226,1,True,False,False,True,1.1762880310416222,exclude_with_fallback,1.5
16.0,1.4433231518661784,1,False,False,False,False,8.638182580471039,exclude_with_fallback,1.5
10.0,8.524372721649918,1,False,False,False,True,5.713967263698578,exclude_with_fallback,1.5
9.0,2.8439460663488765,1,False,True,False,False,0.3740735948085785,exclude_with_fallback,1.5
24.0,1.974834257036187,1,False,False,False,False,1.069591999053955,exclude_with_fallback,1.5
24.0,0.254692088436148,1,False,False,False,False,22.967746701091528,exclude_with_fallback,1.5
4.0,1.2909583937902946,1,False,True,False,False,0.22847852110862732,exclude_with_fallback,1.5
-6.0,11.961862010551014,1,False,False,False,True,0.9630289897322655,exclude_with_fallback,1.5
6.0,4.906831390565829,1,False,True,False,True,0.47513461112976074,exclude_with_fallback,1.5
23.0,1.642050287524622,1,False,True,False,False,0.3065606355667114,exclude_with_fallback,1.5
-7.0,12.09682026147541,1,False,False,False,True,0.8999520875513554,exclude_with_fallback,1.5
22.0,1.0865306483463135,1,False,False,False,False,8.917400300502777,exclude_with_fallback,1.5
24.0,0.4876248112090729,1,False,False,False,False,22.75628087669611,exclude_with_fallback,1.5
-4.0,4.152706522207059,1,False,False,False,True,2.299205645918846,exclude_with_fallback,1.5
20.0,1.1169300794757846,1,False,False,False,False,0.6102341413497925,exclude_with_fallback,1.5
26.0,0.7071750869805252,1,False,False,False,False,14.48888087272644,exclude_with_fallback,1.5
5.0,0.26232467085618305,1,False,False,False,False,4.083365935832262,exclude_with_fallback,1.5
17.0,2.207722318742887,1,False,False,False,False,0.7062683701515198,exclude_with_fallback,1.5
4.0,3.932634494634387,1,False,False,False,False,2.3469974994659424,exclude_with_fallback,1.5
8.0,10.31274486728443,1,False,True,False,True,0.46604639291763306,exclude_with_fallback,1.5
8.0,8.446899649187298,1,False,False,False,True,1.367010474205017,exclude_with_fallback,1.5
-1.0,5.048200207271606,1,False,False,True,True,1.0653291195631027,exclude_with_fallback,1.5
31.0,0.26080472472237126,1,False,False,False,False,30.132143303751945,exclude_with_fallback,1.5
12.0,4.456699535166156,1,False,True,False,False,0.24603396654129028,exclude_with_fallback,1.5
-2.0,5.532084279560778,1,False,False,False,False,1.2479055672883987,exclude_with_fallback,1.5
3.0,5.3059243482307785,1,False,False,False,False,4.426314353942871,exclude_with_fallback,1.5
0.0,9.740715742669353,1,True,False,False,True,0.979626014828682,exclude_with_fallback,1.5
7.0,0.321672576851928,1,False,False,False,False,6.135751187801361,exclude_with_fallback,1.5
10.0,8.19830118703512,1,False,False,False,False,4.221373349428177,exclude_with_fallback,1.5
7.0,13.948134241048061,1,False,True,False,True,0.3565491735935211,exclude_with_fallback,1.5
28.0,1.8805043016959946,1,False,False,False,False,23.021814227104187,exclude_with_fallback,1.5
7.0,0.3197105783830417,1,False,False,False,False,6.1430515348911285,exclude_with_fallback,1.5
