jammer,jsr_db,ber_clean_trained,ber_jam_aware,margin_mean_clean_trained,margin_mean_jam_aware
clean,,0.002075,0.00245,2.871687449645996,2.8635811564127605
cw,-10.0,0.0139666666666666,0.0043024999999999,2.7824236870320638,2.8150462276204427
cw,-6.0,0.1008166666666666,0.0071841666666666,2.268650364074707,2.7388713924153647
cw,-2.0,0.3342966666666667,0.01094,0.9983259564431508,2.659936577860514
cw,2.0,0.4012291666666666,0.0177616666666666,0.5567041653172176,2.6713286862182617
cw,6.0,0.4072891666666667,0.1053866666666666,0.402985672716697,2.27643232828776
cw,10.0,0.4157516666666666,0.2481408333333333,0.1868275490601857,1.395810475692749
barrage,-10.0,0.0033325,0.0037633333333333,2.852647297871908,2.8445162265014647
barrage,-6.0,0.0064258333333333,0.0072724999999999,2.814626950480143,2.8020475169881185
barrage,-2.0,0.0221175,0.0247599999999999,2.66584794728597,2.6251285875447588
barrage,2.0,0.0903241666666666,0.09908,2.1625421844482418,2.0232195658365884
barrage,6.0,0.2396999999999999,0.2527508333333333,1.2881353715515136,1.0298164183553058
barrage,10.0,0.3786091666666667,0.3916199999999999,0.5941464289601643,0.3531379248555501
partial_band,-10.0,0.0096158333333333,0.0053675,2.811353516642252,2.8148590506998703
partial_band,-6.0,0.0605524999999999,0.0122425,2.496386168619792,2.6959821779378257
partial_band,-2.0,0.2496283333333332,0.0251308333333333,1.4490018915303549,2.4998701987202963
partial_band,2.0,0.4392566666666667,0.0468325,0.4112139749972026,2.392738679046631
partial_band,6.0,0.49151,0.1394725,0.1045049216381708,1.98110293762207
partial_band,10.0,0.4976258333333334,0.2640991666666666,0.0440244422793388,1.2584383874638874
