n_sym,n_err,ber,mse_tau,mse_fd,corr_tau,margin_mean,attn_entropy,attn_maxw,conv1_energy,conv1_cos,conv2_energy,conv2_cos,qkv_attention_energy,qkv_attention_cos,shared_gap_energy,shared_gap_cos,pool_projection_energy,pool_projection_cos,sensing_delay_profile_energy,sensing_delay_profile_cos,sensing_features_energy,sensing_features_cos,arch,jammer,jsr_db,ber_std,ber_sem,ber_ci_lo,ber_ci_hi,ber_q05,ber_q95,margin_mean_std,realization,n_realizations
240000.0,588.0,0.00245,36.74534945444142,5.341000147574964e-10,0.7740076362450368,2.8635811564127605,4.407633540346156,0.06011992853800456,0.020808482295274735,1.0,0.05217455002268155,1.0,0.29519008663495383,1.0,0.21895144629478455,1.0,0.4449694881121318,1.0,0.003040807604479293,1.0,0.37491589229901634,1.0,qkv,clean,,,,,,,,,,
240000.0,1032.6,0.004302499999999999,45.18856527405221,5.343098927499982e-10,0.7117279884631459,2.8150462276204427,4.404151577799288,0.05993219593302408,0.0221445473442475,0.9993711009661357,0.05595602063616116,0.994721238676707,0.29182881693522134,0.9748392463684082,0.2112565343999863,0.9748392463684082,0.4068272925313313,0.9657042306900024,0.0037805164329707624,0.894171955426534,0.3720481057993571,0.9820708926518759,qkv,cw,-10.0,0.0009358767428341073,0.00046793837141705357,0.003385357645038247,0.005219642354961751,0.003076666666666667,0.005467499999999999,0.03516931616849367,2.0,5.0
240000.0,1724.2,0.007184166666666667,52.03358534133656,5.346613318679878e-10,0.6567802353298856,2.7388713924153647,4.399310351319493,0.05993271309611002,0.024139704626599947,0.9973919654210407,0.0616360394346714,0.9805596041679383,0.30370721978823345,0.9042373172442119,0.21704592571894327,0.9042373172442119,0.4037570776685079,0.8845349872907005,0.004897238266691565,0.8282306956609091,0.38489795969963075,0.9447427871068319,qkv,cw,-6.0,0.0019864495826585797,0.0009932247913292897,0.005237481847108949,0.009130851486224384,0.004286666666666667,0.009226666666666668,0.07072103346160812,2.0,5.0
240000.0,2625.6,0.01094,61.04082091179259,5.35178557177536e-10,0.5774892860458217,2.659936577860514,4.387870775376215,0.06035295709838867,0.02905945222179095,0.9903139087677003,0.0758007053677241,0.9433859602292378,0.37797358219146726,0.7155078454653423,0.2757125787242254,0.7155078454653423,0.4929941369819641,0.7543855675697326,0.007701360996713241,0.7484893709182739,0.45320248547554015,0.8664090696016947,qkv,cw,-2.0,0.0034592755744519686,0.0017296377872259843,0.007549972230737518,0.014330027769262482,0.007608333333333333,0.015189166666666667,0.11954671255853952,2.0,5.0
240000.0,4262.8,0.01776166666666667,70.62560188676957,5.362259525603605e-10,0.47682047551077156,2.6713286862182617,4.360791254109029,0.06192114936523437,0.041028127622207,0.9722488032341003,0.11070096249500909,0.8803693649291994,0.6437182227389018,0.4508759967803956,0.5005325835482279,0.4508759967803956,0.8247585424105326,0.6259270076195399,0.0147434842517972,0.6650699465115866,0.6727195555877685,0.7518976961771647,qkv,cw,2.0,0.007907364447146724,0.003953682223573361,0.010012591902146645,0.025510741431186694,0.008355,0.027710833333333334,0.12204002981060584,2.0,5.0
240000.0,25292.8,0.10538666666666667,81.22153676595607,5.486392369121995e-10,0.34459614015698303,2.27643232828776,4.3002021295310096,0.0659491342549642,0.06982993778626125,0.9427996046066284,0.19575874958992007,0.8137014931360881,1.3538058511924742,0.2445406831614363,1.0973199168459575,0.2445406831614363,1.6381691715621947,0.5079395259380342,0.03243009759187698,0.5887545147260029,1.2377193841171266,0.6312851551691692,qkv,cw,6.0,0.13542574701350799,0.06771287350675399,0.0,0.23810146002962085,0.012511666666666666,0.31487083333333327,0.4051026446101535,2.0,5.0
240000.0,59553.8,0.24814083333333334,103.3502306271999,6.227561995710232e-10,0.19719201469062447,1.395810475692749,4.169808657433393,0.07590843122965495,0.13913533062140146,0.9113307968139648,0.4025664901574452,0.7660206366062164,3.066431009801229,0.11713995416735609,2.470722091852824,0.11713995416735609,3.3491331985473636,0.4004268201430639,0.07685305742820105,0.5265377825260162,2.6025070318476358,0.5465753119468688,qkv,cw,10.0,0.17674765300579115,0.08837382650289557,0.07493131621166674,0.4213503504549999,0.048565,0.4696841666666666,0.41635715525446587,2.0,5.0
240000.0,903.2,0.003763333333333333,49.449201174143624,5.342654957319053e-10,0.6780424960404282,2.8445162265014647,4.404325171219206,0.06019895529581706,0.022262587104638416,0.9991122371991474,0.05621177213390668,0.9975587944984436,0.2799461109924316,0.9866882068951923,0.1995573914893468,0.9866882068951923,0.3774228371810914,0.987708918539683,0.0037626691158115866,0.8728479694366456,0.36716234130859376,0.9876080971399943,qkv,barrage,-10.0,0.00010227957328377501,5.11397866418875e-05,0.0036631011933381708,0.003863565473328495,0.00361,0.003853333333333333,0.0003216835657646239,2.0,5.0
240000.0,1745.4,0.0072724999999999995,60.95662664467727,5.345380800857949e-10,0.576618232260652,2.8020475169881185,4.398424569486756,0.06055246154988607,0.024432998131513596,0.9975865550359091,0.062254550792376205,0.9934437635739645,0.2665837506262461,0.9613222416877747,0.17975210989793142,0.9613222416877747,0.3078818832842509,0.9643796140988667,0.004854891304075718,0.7872440984725952,0.36612780697186786,0.9653327273686727,qkv,barrage,-6.0,0.00012738284377768015,6.369142188884009e-05,0.007147667106973727,0.007397332893026272,0.007103333333333333,0.007434166666666666,0.0006505505855959766,2.0,5.0
240000.0,5942.4,0.024759999999999997,75.61497547856018,5.352308694615685e-10,0.41562167394200406,2.6251285875447588,4.381845497746852,0.0620205068766276,0.029770811809102692,0.9937853013038633,0.07711353114366531,0.9845118626594542,0.2601680051803589,0.8803586625734965,0.15655316557725268,0.8803586625734965,0.21582963159561158,0.8934646877924601,0.007598926385988791,0.6860972866535187,0.3919578476111094,0.9103620122273763,qkv,barrage,-2.0,0.00017536865930566607,8.768432965283304e-05,0.024588141871871905,0.02493185812812809,0.024508333333333333,0.0249575,0.00074448475291065,2.0,5.0
240000.0,23779.2,0.09908,87.42099007929804,5.370991961639283e-10,0.23868229308282807,2.0232195658365884,4.338702474657571,0.06649682539062499,0.04272616871913274,0.9863541284879048,0.11306548764785132,0.9709437400817871,0.30954407200813294,0.6687181629498801,0.15995638821601868,0.6687181629498801,0.14602463465690613,0.7218394148190816,0.014492418402830762,0.5885738632202149,0.5189496006425222,0.8213104468504587,qkv,barrage,2.0,0.0004893547338644602,0.0002446773669322301,0.09860044117298074,0.09955955882701926,0.098575,0.0996975,0.0013782929829879232,2.0,5.0
240000.0,60660.2,0.25275083333333337,96.00050397108518,5.419312674111268e-10,0.11559943948325047,1.0298164183553058,4.2349130042718235,0.07742441986694334,0.07389165318250655,0.9759790194511414,0.19924678513050081,0.9570915097872416,0.5630125108146667,0.3700710563580195,0.2684649401505788,0.3700710563580195,0.152079093747139,0.4704663623094558,0.031809335786302885,0.5104707058906556,0.9559218075116476,0.7359765522956847,qkv,barrage,6.0,0.0009474065477220771,0.0004737032738610385,0.251822391977207,0.2536792746894597,0.25167416666666664,0.2540925,0.0028325419733362814,2.0,5.0
240000.0,93988.8,0.39161999999999997,107.78355381642413,5.690675868814566e-10,0.05071317454157309,0.3531379248555501,3.991715263823564,0.0996458811299642,0.14893662558396656,0.9654161237716675,0.40644141916275023,0.9467128148714702,1.565560469907125,0.16438083668351172,0.7015508045514425,0.16438083668351172,0.3575609482828776,0.29538001212278997,0.07530944391409557,0.4558779484907786,2.4955410223642986,0.6806212030887604,qkv,barrage,10.0,0.0011742887918509113,0.0005871443959254557,0.39046921813026153,0.3927707818697384,0.39024416666666667,0.39298333333333335,0.0021412566387505882,2.0,5.0
240000.0,1288.2,0.0053675,48.820924477318144,5.342771930585285e-10,0.6832512514146284,2.8148590506998703,4.404074342122502,0.060273263000488284,0.02225078193982442,0.9994538003285726,0.05611627694845199,0.9964956319173177,0.2853895578924815,0.9757725856145223,0.20509740334033966,0.9757725856145223,0.39095999056816105,0.9674384477615356,0.0038017484842737515,0.8758153855641682,0.3754595777448019,0.9799324199358622,qkv,partial_band,-10.0,0.0022282691339542745,0.0011141345669771372,0.003183836374793683,0.007551163625206317,0.0030958333333333332,0.0082475,0.02136777400213109,2.0,5.0
240000.0,2938.2,0.0122425,59.15786176278463,5.346821394411922e-10,0.5944664823920431,2.6959821779378257,4.397741066987915,0.06075049272054036,0.024394529313643776,0.9979300182978312,0.062064308617115024,0.9877946489016216,0.29160526095072425,0.9042717819213868,0.20473921134154,0.9042717819213868,0.37106888958930967,0.8875859839280447,0.004952172210142017,0.7944845288594563,0.398108593972524,0.9390990870475768,qkv,partial_band,-6.0,0.009527282243349594,0.004763641121674797,0.0029059349662434158,0.021579065033756582,0.0045383333333333335,0.026755833333333333,0.08286275003122598,2.0,5.0
240000.0,6031.4,0.025130833333333335,71.22247746147693,5.361279921435132e-10,0.4723144418730138,2.4998701987202963,4.380007158146843,0.06248436087646484,0.029647573405504224,0.9929957365671795,0.07684392706155777,0.9648665788968405,0.35760271490732826,0.6959811063607534,0.2521778094482422,0.6959811063607534,0.4217272656822205,0.7367435151735942,0.007841886966824531,0.6981108862717946,0.49573109543482463,0.8595248065789539,qkv,partial_band,-2.0,0.027778748071942416,0.013889374035971206,0.0,0.05235350621164263,0.007759166666666667,0.06786583333333332,0.21426977121145685,2.0,5.0
240000.0,11239.8,0.0468325,81.15238721237628,5.40067582585446e-10,0.34910277879572055,2.392738679046631,4.334228562513063,0.06757396143188477,0.042371555629571275,0.9812656555493673,0.11315053002278011,0.9234558774312337,0.6395533643786113,0.3975410516699155,0.4773723012638092,0.3975410516699155,0.6996748201465606,0.5738866272449494,0.015100492238601049,0.603333026790619,0.8191068993250529,0.7538087954044342,qkv,partial_band,2.0,0.057878435067245326,0.028939217533622663,0.0,0.10355232410667045,0.014126666666666666,0.1346008333333333,0.32120508211856236,2.0,5.0
240000.0,33473.4,0.1394725,90.74026165790171,5.569183834225126e-10,0.23460008518477588,1.98110293762207,4.22730565943725,0.07938989409993488,0.07301190513451894,0.9622848010063171,0.2015935776042938,0.8741578375498454,1.5747110435740155,0.17741765398631493,1.2199632657178243,0.17741765398631493,1.6568996460787457,0.43761487198670707,0.03333323646485805,0.5247607692877452,1.823393085823059,0.6534083042621612,qkv,partial_band,6.0,0.15568013658709892,0.07784006829354946,0.0,0.2920362304094951,0.0433625,0.3795724999999999,0.5356350046737897,2.0,5.0
240000.0,63383.8,0.26409916666666666,110.71632275332169,6.765362789779533e-10,0.1389933039345707,1.2584383874638874,3.993567163513197,0.1016723902791341,0.1469886061096191,0.9410885328292847,0.4167990255514781,0.833642166407903,4.4736435559590655,0.05813601834227642,3.383713577448527,0.05813601834227642,4.556445788968404,0.3422725068052609,0.07913174415032069,0.4678593436400096,4.995023176142374,0.5923184260527293,qkv,partial_band,10.0,0.1310184696850452,0.0655092348425226,0.13570342572054594,0.3924949076127874,0.14743416666666667,0.46128166666666665,0.49407206498721123,2.0,5.0
