jsr_db,realization,ber,mse_tau,mse_fd
-10.0,0,0.013564858909849454,50.193480109425046,5.353120894038695e-10
-8.0,0,0.01953230539762476,54.73094149921087,5.368453084913832e-10
-6.0,0,0.03342969675080968,60.71014223398019,5.377914953881721e-10
-4.0,0,0.06892516110244629,68.79061205257565,5.420920107393236e-10
-2.0,0,0.14327832695578233,78.35701277284114,5.452010332592167e-10
0.0,0,0.26060267857142855,84.1578218220998,5.608473074386176e-10
2.0,0,0.39648437499999994,89.05004594292143,6.035130763257271e-10
4.0,0,0.48325892857142855,94.86719714948075,6.894707469855281e-10
6.0,0,0.5064174107142857,100.85708772528571,8.38504066011807e-10
8.0,0,0.5103236607142857,108.76086420585577,1.0625923747776878e-09
10.0,0,0.5103236607142857,119.99100637589429,1.3021192926709333e-09
-10.0,1,0.015442060583569724,54.264757710076196,5.354350604143332e-10
-8.0,1,0.025244111362539786,60.09865508491585,5.361525738734107e-10
-6.0,1,0.05389517380015333,67.63313839214825,5.359392183540418e-10
-4.0,1,0.1152436755952381,78.36498497964318,5.402287003551175e-10
-2.0,1,0.2263485863095238,84.48724404010636,5.421162790589309e-10
0.0,1,0.3623511904761904,89.70664296339768,5.466457680474617e-10
2.0,1,0.44949776785714285,96.47468384426323,5.686195830786021e-10
4.0,1,0.4810267857142857,102.74777244077606,5.909709615280631e-10
6.0,1,0.48856026785714285,112.17599023379714,6.334574092877987e-10
8.0,1,0.48939732142857145,127.50884990818894,7.043756341346409e-10
10.0,1,0.4896763392857143,150.78561673007962,8.11686614623008e-10
-10.0,2,0.023537303600076203,55.28377092890705,5.349426528300815e-10
-8.0,2,0.046461250883764516,61.2615461123135,5.358056595939962e-10
-6.0,2,0.10382785926870748,71.62554728281852,5.383614487239066e-10
-4.0,2,0.21542968749999997,77.33457370848056,5.37868617944516e-10
-2.0,2,0.36244419642857145,84.3590021356915,5.448253433796434e-10
0.0,2,0.44893973214285715,90.5554349565319,5.56545395202862e-10
2.0,2,0.48521205357142855,96.64967909065167,5.675780649685023e-10
4.0,2,0.48939732142857145,103.83024469336476,5.931759585625835e-10
6.0,2,0.4896763392857143,114.92011466283238,6.407413437798252e-10
8.0,2,0.4896763392857143,132.4036254441789,7.170968765827793e-10
10.0,2,0.4896763392857143,157.83831922764645,8.247085999788436e-10
-10.0,3,0.015166103065874384,54.78964723195797,5.346149338726885e-10
-8.0,3,0.02575066902759689,60.4400198075061,5.361499838228754e-10
-6.0,3,0.052027958695147404,67.72413579612736,5.349668370368685e-10
-4.0,3,0.11035172354926819,78.13314687353417,5.4093802287164e-10
-2.0,3,0.22726004464285715,82.97974796529192,5.403201050999434e-10
0.0,3,0.3759300595238095,88.82303522438515,5.482969704327442e-10
2.0,3,0.46010044642857145,93.42677898298332,5.71820704837114e-10
4.0,3,0.48604910714285715,98.58104153750897,5.969985870160215e-10
6.0,3,0.4888392857142857,106.53374578850742,6.470087534663425e-10
8.0,3,0.4896763392857143,120.37395245699102,7.35201221614135e-10
10.0,3,0.4896763392857143,142.85957599056164,8.627311873113458e-10
-10.0,4,0.01392307297768535,50.224379975062284,5.355093283381344e-10
-8.0,4,0.01950862687858554,54.74061089394589,5.365787795952862e-10
-6.0,4,0.03329760287845561,60.489295267780555,5.394832792184948e-10
-4.0,4,0.06368373826439083,68.51893526883013,5.422208561730108e-10
-2.0,4,0.11863794997165532,77.88845675658153,5.485131539293547e-10
0.0,4,0.21323474702380948,83.1402684456781,5.592324348866868e-10
2.0,4,0.326078869047619,87.18001123675607,5.867805912291728e-10
4.0,4,0.4250372023809524,90.69788300989235,6.540943612915844e-10
6.0,4,0.47823660714285715,95.73046009950811,7.63538297452431e-10
8.0,4,0.4946986607142857,102.7422248773335,9.203430573390537e-10
10.0,4,0.4994419642857143,114.13571255733454,1.1075594317108866e-09
