arch,channel_variant,channel_model,channel_fingerprint,hold_mode,pooled_ber,pooled_ber_ci_lo,pooled_ber_ci_hi,min_snr_at_target,corr_tau_top,mse_tau_top,n_symbols_total,diagnostics
conv1d,b_tdl_a,tdl_3gpp,57cf7037,per_hop,0.1994377777777777,0.1986135404800301,0.2002645808365734,,0.0056251179929231,104.02768670366866,1400000,"{""band_spacing_hz"": 1250000.0, ""clutter_fading"": ""rayleigh"", ""clutter_power_fraction"": 0.25, ""dropped_power_fraction"": 3.883328304477018e-06, ""frequency_correlation_at_spacing"": 0.49127835435785233, ""los_tap_folded_into_direct_path"": 0.0, ""max_tap_delay_samples"": 33.0, ""mean_tap_power"": 0.08333333333333333, ""min_nonzero_tap_delay_samples"": 3.0000000000000004, ""n_taps_in_window"": 12.0, ""pdp_kind"": ""exponential"", ""profile"": ""TDL-A"", ""rms_delay_spread_ns"": 300.0, ""time_block_slots"": 53}"
qkv,b_tdl_a,tdl_3gpp,57cf7037,per_hop,0.2069122222222222,0.206076560620416,0.2077503857791919,,0.0080797203746394,104.63989669636678,1400000,"{""band_spacing_hz"": 1250000.0, ""clutter_fading"": ""rayleigh"", ""clutter_power_fraction"": 0.25, ""dropped_power_fraction"": 3.883328304477018e-06, ""frequency_correlation_at_spacing"": 0.49127835435785233, ""los_tap_folded_into_direct_path"": 0.0, ""max_tap_delay_samples"": 33.0, ""mean_tap_power"": 0.08333333333333333, ""min_nonzero_tap_delay_samples"": 3.0000000000000004, ""n_taps_in_window"": 12.0, ""pdp_kind"": ""exponential"", ""profile"": ""TDL-A"", ""rms_delay_spread_ns"": 300.0, ""time_block_slots"": 53}"
conv1d,b_tdl_d,tdl_3gpp,7b659269,per_hop,0.1508977777777777,0.1501597507722402,0.1516387849079528,,0.0006458415871384,102.4255244921081,1400000,"{""band_spacing_hz"": 1250000.0, ""clutter_fading"": ""rayleigh"", ""clutter_power_fraction"": 0.25, ""dropped_power_fraction"": 1.0556155880858675e-05, ""frequency_correlation_at_spacing"": 0.49127835435785233, ""los_tap_folded_into_direct_path"": 1.0, ""max_tap_delay_samples"": 33.0, ""mean_tap_power"": 0.09090909090909093, ""min_nonzero_tap_delay_samples"": 3.0000000000000004, ""n_taps_in_window"": 11.0, ""pdp_kind"": ""exponential"", ""profile"": ""TDL-D"", ""rms_delay_spread_ns"": 300.0, ""time_block_slots"": 53}"
qkv,b_tdl_d,tdl_3gpp,7b659269,per_hop,0.1572122222222222,0.1564616660111032,0.1579657046544792,,0.0036896611287696,104.06082475281806,1400000,"{""band_spacing_hz"": 1250000.0, ""clutter_fading"": ""rayleigh"", ""clutter_power_fraction"": 0.25, ""dropped_power_fraction"": 1.0556155880858675e-05, ""frequency_correlation_at_spacing"": 0.49127835435785233, ""los_tap_folded_into_direct_path"": 1.0, ""max_tap_delay_samples"": 33.0, ""mean_tap_power"": 0.09090909090909093, ""min_nonzero_tap_delay_samples"": 3.0000000000000004, ""n_taps_in_window"": 11.0, ""pdp_kind"": ""exponential"", ""profile"": ""TDL-D"", ""rms_delay_spread_ns"": 300.0, ""time_block_slots"": 53}"
conv1d,b_tdl_d_light,tdl_3gpp,8267e992,per_hop,0.0299833333333333,0.0296329990416241,0.0303376799405168,,0.0008261480434682,102.5493542771337,1400000,"{""band_spacing_hz"": 1250000.0, ""clutter_fading"": ""rayleigh"", ""clutter_power_fraction"": 0.05, ""dropped_power_fraction"": 1.0556155880858675e-05, ""frequency_correlation_at_spacing"": 0.49127835435785233, ""los_tap_folded_into_direct_path"": 1.0, ""max_tap_delay_samples"": 33.0, ""mean_tap_power"": 0.09090909090909093, ""min_nonzero_tap_delay_samples"": 3.0000000000000004, ""n_taps_in_window"": 11.0, ""pdp_kind"": ""exponential"", ""profile"": ""TDL-D"", ""rms_delay_spread_ns"": 300.0, ""time_block_slots"": 53}"
qkv,b_tdl_d_light,tdl_3gpp,8267e992,per_hop,0.0315277777777777,0.0311687643476414,0.0318907903391787,,0.0034692052681805,103.97584146494208,1400000,"{""band_spacing_hz"": 1250000.0, ""clutter_fading"": ""rayleigh"", ""clutter_power_fraction"": 0.05, ""dropped_power_fraction"": 1.0556155880858675e-05, ""frequency_correlation_at_spacing"": 0.49127835435785233, ""los_tap_folded_into_direct_path"": 1.0, ""max_tap_delay_samples"": 33.0, ""mean_tap_power"": 0.09090909090909093, ""min_nonzero_tap_delay_samples"": 3.0000000000000004, ""n_taps_in_window"": 11.0, ""pdp_kind"": ""exponential"", ""profile"": ""TDL-D"", ""rms_delay_spread_ns"": 300.0, ""time_block_slots"": 53}"
conv1d,c_two_ray_jakes,two_ray_jakes,f0412f40,per_hop,0.0562466666666666,0.0557725606824142,0.0567245607684315,,0.0029300939457019,102.1547954073035,1400000,"{""band_spacing_hz"": 1250000.0, ""doppler_hz"": 160.11076569511297, ""excess_delay_ns"": 166.782047599076, ""excess_delay_samples"": 1.6678204759907602, ""min_delay_samples"": 1.0, ""power_fraction"": 0.21777777777777774, ""power_fraction_derived"": 0.21777777777777774, ""slot_seconds"": 9.999999999999999e-06, ""time_block_slots"": 53}"
qkv,c_two_ray_jakes,two_ray_jakes,f0412f40,per_hop,0.0582,0.0577181924508183,0.0586855789919885,,0.0023959851561034,103.69425135938258,1400000,"{""band_spacing_hz"": 1250000.0, ""doppler_hz"": 160.11076569511297, ""excess_delay_ns"": 166.782047599076, ""excess_delay_samples"": 1.6678204759907602, ""min_delay_samples"": 1.0, ""power_fraction"": 0.21777777777777774, ""power_fraction_derived"": 0.21777777777777774, ""slot_seconds"": 9.999999999999999e-06, ""time_block_slots"": 53}"
conv1d,nominal,aerial_multiecho,8ba7e539,per_symbol,0.0002776470588235,0.0002537064976227,0.0003038460417922,,0.8876872491225918,19.26826239850977,2200000,"{""model"": ""aerial_multiecho""}"
qkv,nominal,aerial_multiecho,8ba7e539,per_symbol,0.0002333333333333,0.0002120618834857,0.000256737926484,,0.8751553667757088,21.43007002402833,2300000,"{""model"": ""aerial_multiecho""}"
