n_sym,n_err,ber,mse_tau,mse_fd,corr_tau,margin_mean,attn_entropy,attn_maxw,lstm_1_energy,lstm_1_cos,dropout_lstm_energy,dropout_lstm_cos,shared_gap_energy,shared_gap_cos,lstm_proj_energy,lstm_proj_cos,sensing_delay_profile_energy,sensing_delay_profile_cos,sensing_features_energy,sensing_features_cos,arch,jammer,jsr_db,ber_std,ber_sem,ber_ci_lo,ber_ci_hi,ber_q05,ber_q95,margin_mean_std,realization,n_realizations
240000.0,423.0,0.0017625,35.5200313754371,5.36668712193544e-10,0.7810020737213258,2.91208216603597,,,0.00438386989235878,1.0,0.00438386989235878,1.0,0.001169345494794349,1.0,0.011638901390135289,1.0,0.003040807604479293,1.0,0.010394933001200358,1.0,lstm,clean,,,,,,,,,,
240000.0,2163.8,0.009015833333333334,44.55837600332029,5.378979776723389e-10,0.7148425652528156,2.853528518880208,,,0.004619183896978697,0.9804742547988893,0.004619183896978697,0.9804742547988893,0.0011409064498295388,0.9804742547988893,0.011024570114612579,0.9853253533681233,0.0037805164329707624,0.894171955426534,0.01095593641658624,0.9765366467793782,lstm,cw,-10.0,0.004555526558173294,0.002277763279086647,0.004551499341015651,0.013480167325651018,0.003114166666666667,0.014881666666666666,0.03619399597304985,2.0,5.0
240000.0,13912.2,0.057967500000000005,52.61005759320322,5.408517705691791e-10,0.6499060756213256,2.5348133729553224,,,0.0050195935675998535,0.9099247386614481,0.0050195935675998535,0.9099247386614481,0.0011559992743035159,0.9099247386614481,0.010809128873646259,0.9203134750048318,0.004897238266691565,0.8282306956609091,0.011898974939584733,0.9378570339520772,lstm,cw,-6.0,0.03764514156346518,0.01882257078173259,0.02107593917134821,0.09485906082865181,0.010833333333333334,0.10855333333333332,0.24415258926253594,2.0,5.0
240000.0,60235.8,0.2509825,64.37904772851942,5.564756548660611e-10,0.5435844827920407,1.466652426668803,,,0.006236409397274255,0.6827827519893647,0.006236409397274255,0.6827827519893647,0.0014408214504768452,0.6827827519893647,0.01364306787699461,0.7053464875380199,0.007701360996713241,0.7484893709182739,0.014941998853286106,0.8461659076054892,lstm,cw,-2.0,0.13599205686566976,0.06799602843283488,0.11771273317988218,0.3842522668201178,0.053375000000000006,0.39820916666666667,0.7627729102385167,2.0,5.0
240000.0,97725.8,0.4071908333333333,79.21681839847393,6.418542236298635e-10,0.39863082709771347,0.5529250726723671,,,0.010133798826386532,0.3661885852095981,0.010133798826386532,0.3661885852095981,0.0030873943289990227,0.3661885852095981,0.03371104121943315,0.49644205421606696,0.0147434842517972,0.6650699465115866,0.02546355871895949,0.7003942738374075,lstm,cw,2.0,0.16868048095602395,0.08434024047801196,0.24188699954898266,0.5724946671176839,0.15231833333333333,0.49862999999999996,0.9168132028584846,2.0,5.0
240000.0,113335.6,0.4722316666666666,100.6772160713127,9.486301739416765e-10,0.234700930096375,0.1979430927213033,,,0.020867013942996664,0.16648547849804166,0.020867013942996664,0.16648547849804166,0.008784245624815423,0.16648547849804166,0.10640861144701641,0.38967436578273773,0.03243009759187698,0.5887545147260029,0.05648546845237414,0.5610086629549663,lstm,cw,6.0,0.05553458335677968,0.02776729167838984,0.41780877502880376,0.5266545583045295,0.38892916666666666,0.5,0.37422789296841913,2.0,5.0
240000.0,119505.2,0.49793833333333326,134.41322852067833,1.2652099767319595e-09,0.10280993103548178,0.0662352716056506,,,0.04129607016444207,0.08687717985386649,0.04129607016444207,0.08687717985386649,0.020301534024824697,0.08687717985386649,0.2584271094125509,0.34529668668905894,0.07685305742820105,0.5265377825260162,0.12279965686122576,0.47964676408767704,lstm,cw,10.0,0.004123333333333323,0.0020616666666666613,0.4938975409185399,0.5019791257481266,0.4917533333333334,0.5,0.1247499831082158,2.0,5.0
240000.0,654.8,0.0027283333333333335,48.34378332776816,5.372995179705199e-10,0.6847163602649383,2.898190683288574,,,0.004613608110596737,0.9884012639045716,0.004613608110596737,0.9884012639045716,0.0011311675637339551,0.9884012639045716,0.010849034998416902,0.9941546497662861,0.0037626691158115866,0.8728479694366456,0.010943385593295097,0.9772521028518677,lstm,barrage,-10.0,0.00011332720571670133,5.6663602858350666e-05,0.0026172747124966855,0.0028393919541699814,0.0026208333333333335,0.0028975,0.0003139911840442141,2.0,5.0
240000.0,1264.0,0.005266666666666667,60.14527301564446,5.382843885915433e-10,0.5819492117140866,2.8675733021036782,,,0.004976955784410238,0.9647652729352316,0.004976955784410238,0.9647652729352316,0.0010863127867877483,0.9647652729352316,0.00980123453338941,0.9815444330215455,0.004854891304075718,0.7872440984725952,0.011837762104570866,0.9457322157859801,lstm,barrage,-6.0,0.00013091557924436997,6.545778962218497e-05,0.005138371756499584,0.005394961576833749,0.005144999999999999,0.005464166666666667,0.00046088108784354885,2.0,5.0
240000.0,4214.2,0.017559166666666664,75.02574041133896,5.409683771633085e-10,0.4201067451799986,2.738370524495443,,,0.005949841307302316,0.8820646407763164,0.005949841307302316,0.8820646407763164,0.0010261175405730807,0.8820646407763164,0.007794682731131713,0.9327089744885761,0.007598926385988791,0.6860972866535187,0.01425304826160272,0.8794896017074585,lstm,barrage,-2.0,0.00019957245968987416,9.978622984493707e-05,0.01736358925001755,0.017754744083315777,0.017315,0.017753333333333333,0.0006814998447315736,2.0,5.0
240000.0,18296.0,0.07623333333333335,87.10700218112059,5.501356509132659e-10,0.24126755924661678,2.2653904586791986,,,0.008561971348424752,0.6670111229419708,0.008561971348424752,0.6670111229419708,0.0010713141995047529,0.6670111229419708,0.005128275922189156,0.7703887591362,0.014492418402830762,0.5885738632202149,0.02078975260893504,0.7757005870660146,lstm,barrage,2.0,0.0004213322125512509,0.00021066610627562543,0.07582043535226983,0.07664623131439686,0.07577916666666666,0.07682499999999999,0.001731713338554613,2.0,5.0
240000.0,54050.4,0.22521,97.56127907358936,5.860106748481625e-10,0.11038625846760027,1.359183978881836,,,0.014936836454768976,0.38723496575951577,0.014936836454768976,0.38723496575951577,0.001599814019786815,0.38723496575951577,0.0035052225467811027,0.477952868827184,0.031809335786302885,0.5104707058906556,0.03715257043639819,0.6732185612519583,lstm,barrage,6.0,0.0009253550369692865,0.0004626775184846432,0.22430316872731373,0.22611683127268625,0.22422083333333334,0.226345,0.0028380199700649743,2.0,5.0
240000.0,90427.2,0.37678,116.96378716102802,7.189599976338399e-10,0.046158056499489605,0.5914640996042888,,,0.027561296673417092,0.19933159875546894,0.027561296673417092,0.19933159875546894,0.0031110054529954988,0.19933159875546894,0.004315281827996174,0.26941213299036026,0.07530944391409557,0.4558779484907786,0.07268573492447536,0.5996848708629609,lstm,barrage,10.0,0.0005939182510151333,0.00029695912550756665,0.37619797080912465,0.37736202919087536,0.3760516666666667,0.377575,0.002555821440502962,2.0,5.0
240000.0,1381.2,0.005755000000000001,48.1513822891872,5.372543451704608e-10,0.6859190718520278,2.8736597145589196,,,0.004591961428572734,0.9863444579760234,0.004591961428572734,0.9863444579760234,0.0011403337192535399,0.9863444579760234,0.01102031224757433,0.990766349887848,0.0038017484842737515,0.8758153855641682,0.010995725337564946,0.9762996802330017,lstm,partial_band,-10.0,0.002215720976216194,0.0011078604881080971,0.003583633343413166,0.007926366656586834,0.003895833333333333,0.009101666666666666,0.019624042703713117,2.0,5.0
240000.0,7933.2,0.033055,59.6644552221159,5.386179219255937e-10,0.5867077710250037,2.6770638042195634,,,0.004954316767454147,0.9404295336723327,0.004954316767454147,0.9404295336723327,0.0011327396658187112,0.9404295336723327,0.01051709201435248,0.9508640114148458,0.004952172210142017,0.7944845288594563,0.01205524551709493,0.9399017416636151,lstm,partial_band,-6.0,0.02032228104678322,0.010161140523391609,0.013139530532301977,0.052970469467698025,0.0160125,0.06369333333333332,0.14248561372956017,2.0,5.0
240000.0,41030.4,0.17096,74.28912894855418,5.433702194291564e-10,0.43737668208374797,1.8715894880167643,,,0.006028153975556295,0.7789637276013691,0.006028153975556295,0.7789637276013691,0.0012505363663161794,0.7789637276013691,0.011131941291292509,0.7882810692151387,0.007841886966824531,0.6981108862717946,0.015210651814937592,0.8596952652931213,lstm,partial_band,-2.0,0.08447335035875715,0.04223667517937857,0.0881776378217012,0.2537423621782988,0.08208916666666666,0.2895216666666667,0.47546317279747635,2.0,5.0
240000.0,95473.8,0.3978075,87.70028242119794,5.6327847300806e-10,0.2716357683444122,0.6389950883372626,,,0.009078148168822128,0.49201012247403464,0.009078148168822128,0.49201012247403464,0.001959537434540689,0.49201012247403464,0.01856044002701839,0.5324933760960897,0.015100492238601049,0.603333026790619,0.02425128176788489,0.748483028014501,lstm,partial_band,2.0,0.07924495884772595,0.039622479423862975,0.3201488673510492,0.47546613264895077,0.2865833333333333,0.48175999999999997,0.4456880255460466,2.0,5.0
240000.0,117343.8,0.48893250000000005,100.98699477425362,6.534091008663212e-10,0.13433645343951933,0.09438024855454763,,,0.016228694892724355,0.2608848338738084,0.016228694892724355,0.2608848338738084,0.0041796747843672825,0.2608848338738084,0.043502736088732875,0.4149657796303431,0.03333323646485805,0.5247607692877452,0.046091129560867944,0.6519201724529265,lstm,partial_band,6.0,0.016960568525913933,0.008480284262956965,0.4723114482659426,0.5055535517340575,0.46271999999999996,0.49986749999999996,0.13248687366473594,2.0,5.0
240000.0,119526.8,0.49802833333333335,127.54795357244718,8.997601985383415e-10,0.05016912391256324,0.022772340803941093,,,0.029167866501013433,0.15372586543262004,0.029167866501013433,0.15372586543262004,0.00863867521757881,0.15372586543262004,0.09530856874446075,0.37875607612927753,0.07913174415032069,0.4678593436400096,0.09069369599262873,0.5777037410418192,lstm,partial_band,10.0,0.003868738130479,0.0019343690652395,0.49423703963265553,0.5018196270340112,0.49220416666666666,0.5,0.04387262062431384,2.0,5.0
