n_sym,n_err,ber,mse_tau,mse_fd,corr_tau,margin_mean,attn_entropy,attn_maxw,lstm_1_energy,lstm_1_cos,dropout_lstm_energy,dropout_lstm_cos,shared_gap_energy,shared_gap_cos,lstm_proj_energy,lstm_proj_cos,sensing_delay_profile_energy,sensing_delay_profile_cos,sensing_features_energy,sensing_features_cos,arch,jammer,jsr_db,realization
240000,2770,0.011541666666666667,43.187624374340054,5.399869735322158e-10,0.7268639896716229,2.8434828557332357,,,0.0047295951031148436,0.971713365872701,0.0047295951031148436,0.971713365872701,0.0011149913947408397,0.971713365872701,0.010699715828398864,0.9768745223681132,0.0036916979396094877,0.9075950716336568,0.010929480696717899,0.9734942132631937,lstm,cw,-10.0,0
240000,15772,0.06571666666666667,50.98640746974576,5.479211379104336e-10,0.6661483416522971,2.509179641723633,,,0.005291871427744627,0.8741768655776978,0.005291871427744627,0.8741768655776978,0.0011147755871216457,0.8741768655776978,0.01032241558978955,0.8933372104962667,0.00466533141049246,0.849376594543457,0.011834787235657373,0.9279624071121216,lstm,cw,-6.0,0
240000,69880,0.2911666666666667,63.10558759584999,5.88816355094854e-10,0.5585575981845929,1.2758766759236653,,,0.006897263485689958,0.5755091965198517,0.006897263485689958,0.5755091965198517,0.0014228928089762727,0.5755091965198517,0.01347818044424057,0.635488963286082,0.007104882461329301,0.776332479317983,0.014898850925266743,0.8271301595369974,lstm,cw,-2.0,0
240000,117675,0.4903125,77.88658916217597,7.808526222116864e-10,0.41738388225319417,0.13415875786145529,,,0.011874702856441339,0.21928555560484528,0.011874702856441339,0.21928555560484528,0.003349118182187279,0.21928555560484528,0.036792223485310874,0.3883211940129598,0.013223080898324649,0.6962006100018819,0.0262604908823967,0.6701093724568685,lstm,cw,2.0,0
240000,120000,0.5,97.39570224328843,1.2772137467014342e-09,0.27396198686116646,0.02346855631073316,,,0.025696162840723992,0.05368539988994599,0.025696162840723992,0.05368539988994599,0.010219598365823427,0.05368539988994599,0.12588711388905843,0.34211466574668886,0.028575963977972667,0.6188106152216594,0.06200731280644735,0.5218946772416433,lstm,cw,6.0,0
240000,120000,0.5,121.9913534352757,1.944305010551286e-09,0.1430012434206563,0.009534226862589519,,,0.05502354009946187,0.006706049626072248,0.05502354009946187,0.006706049626072248,0.02585593054294586,0.006706049626072248,0.3397725636959076,0.343459531545639,0.06711635673046112,0.5521173470020294,0.14596854666868844,0.43985362974802655,lstm,cw,10.0,0
240000,1881,0.0078375,42.086378779993616,5.384166646973921e-10,0.733789472046097,2.8675294438680012,,,0.004586120601246755,0.9791308970451355,0.004586120601246755,0.9791308970451355,0.0011273499147966505,0.9791308970451355,0.010845403931041558,0.9837678469022115,0.0035756337138513725,0.9136678876876831,0.010740021815896034,0.9798700216611227,lstm,cw,-10.0,1
240000,10384,0.04326666666666667,48.38443582849491,5.42899987426797e-10,0.6857358669625518,2.6409702967325845,,,0.0049612212990721065,0.8992205718358358,0.0049612212990721065,0.8992205718358358,0.0011330026445910335,0.8992205718358358,0.010438215058545272,0.9189890661239624,0.004384493881339828,0.8558185243606568,0.011396860747536023,0.9423837955792745,lstm,cw,-6.0,1
240000,55274,0.23030833333333334,58.39287679367808,5.717737114835133e-10,0.5998140355082419,1.5854934717814129,,,0.006252345682432254,0.6164585890769958,0.006252345682432254,0.6164585890769958,0.0014680943849806984,0.6164585890769958,0.013295219411452612,0.6780326248804728,0.006416413079202175,0.7817707236607869,0.01393937126348416,0.8441676972707113,lstm,cw,-2.0,1
240000,115542,0.481425,71.32953233776605,7.755012737941966e-10,0.4658796626298439,0.17595502196153004,,,0.01124623292038838,0.23676484209795792,0.01124623292038838,0.23676484209795792,0.0038324705434342227,0.23676484209795792,0.03998655073046684,0.39786136309305825,0.011520607976118723,0.6993981294631958,0.025364093312621117,0.667376043955485,lstm,cw,2.0,1
240000,119999,0.4999958333333333,88.81101092672068,1.6605388370905865e-09,0.2900205069398422,0.023540114563703536,,,0.027786610196034112,0.07214283114671707,0.027786610196034112,0.07214283114671707,0.013667021631697814,0.07214283114671707,0.16067044855753582,0.3443448590040207,0.024342153628667196,0.6195170605977376,0.06794155179262161,0.49473563130696613,lstm,cw,6.0,1
240000,120000,0.5,112.46711398567008,2.097770014663148e-09,0.1283530389275655,0.009584690920511882,,,0.05711371414065361,0.03607435225447019,0.05711371414065361,0.03607435225447019,0.03224558357199033,0.03607435225447019,0.38538327840169273,0.3375740121603012,0.05654903482198715,0.550866704305013,0.14972195681730907,0.42370697498321536,lstm,cw,10.0,1
240000,464,0.0019333333333333333,43.796112648378944,5.374359231031029e-10,0.7208918703556708,2.907070957438151,,,0.004464172072460254,0.9954845229784648,0.004464172072460254,0.9954845229784648,0.0011250257341191173,0.9954845229784648,0.010930152648190658,0.9983556337356567,0.0037060296124468246,0.8917619307835897,0.010672308967014155,0.9824645794232686,lstm,cw,-10.0,2
240000,654,0.002725,51.620639801334505,5.384510704338601e-10,0.6588040665803723,2.89376095123291,,,0.004597243667890628,0.9800171257654826,0.004597243667890628,0.9800171257654826,0.0010707894762357075,0.9800171257654826,0.00994886650443077,0.9934496070543924,0.0047134544273217515,0.8225158476829528,0.011094993895292282,0.957814471244812,lstm,cw,-6.0,2
240000,2194,0.009141666666666666,63.2549139484676,5.408276199202854e-10,0.554497622728971,2.822736488342285,,,0.004996016418437163,0.9008518007596333,0.004996016418437163,0.9008518007596333,0.0009975411504507066,0.9008518007596333,0.00796209244976441,0.9654038302103678,0.007244976444542408,0.7389052596092224,0.012187838472922643,0.901685896396637,lstm,cw,-2.0,2
240000,16810,0.07004166666666667,76.90103910858622,5.462991793306941e-10,0.4063093346080735,2.382702345275879,,,0.006270470170428356,0.6462356029351553,0.006270470170428356,0.6462356029351553,0.0010858910833174984,0.6462356029351553,0.005219858589768409,0.8126808530489603,0.013605434208114942,0.6528403897285462,0.015286081755161286,0.7920941909154257,lstm,cw,2.0,2
240000,86679,0.3611625,90.35744039560241,5.619676525958778e-10,0.23481416981966602,0.9460597971598307,,,0.010178558858235678,0.29499103405078253,0.010178558858235678,0.29499103405078253,0.002075511710718274,0.29499103405078253,0.004374149314562479,0.45261708410580953,0.029584656557440758,0.5761930940151214,0.024291545695066454,0.6598503285249074,lstm,cw,6.0,2
240000,117526,0.4896916666666667,102.33135251528908,6.21158670511184e-10,0.08969474844432768,0.3155300071716309,,,0.02006271433234215,0.08866910001511374,0.02006271433234215,0.08866910001511374,0.005355144941558441,0.08866910001511374,0.00690890688598156,0.26176737852891285,0.06972657122214636,0.51579105869929,0.047444483361641566,0.5615121636390686,lstm,cw,10.0,2
240000,3772,0.015716666666666667,48.56264706142971,5.366528878338921e-10,0.6831725934136356,2.7953407491048177,,,0.004751544398317735,0.9708250397046407,0.004751544398317735,0.9708250397046407,0.0011666694181660811,0.9708250397046407,0.011244935496648152,0.9783747631708781,0.004160551325728496,0.8653929564158122,0.011467543537914753,0.967615594069163,lstm,cw,-10.0,3
240000,28623,0.1192625,58.18473493268737,5.370600203603538e-10,0.6010344834139439,2.1408433606465658,,,0.005372557809203863,0.8679011640548706,0.005372557809203863,0.8679011640548706,0.0012470488239700595,0.8679011640548706,0.011753265684843063,0.8640289223988851,0.005854314820716779,0.7897814316749573,0.013198921689391137,0.9162032976150513,lstm,cw,-6.0,3
240000,101340,0.42225,70.13036029242959,5.392803536880285e-10,0.4854045354519477,0.5122396183649699,,,0.007221477018048366,0.5844347232977549,0.007221477018048366,0.5844347232977549,0.0018038325830673177,0.5844347232977549,0.01840870674153169,0.5538801991939545,0.010109346703688304,0.704977055867513,0.01851606270968914,0.8019800861676534,lstm,cw,-2.0,3
240000,119918,0.4996583333333333,84.5146708074717,5.499643720534268e-10,0.3398330894083612,0.00015945841471354166,,,0.012560200599829355,0.29399716342488924,0.012560200599829355,0.29399716342488924,0.004200101994226376,0.29399716342488924,0.049724546629190444,0.4242685540119807,0.020798280575871467,0.6227008706728617,0.03438992262681325,0.662217159430186,lstm,cw,2.0,3
240000,120000,0.5,111.77439551804541,6.038185022164081e-10,0.17673752595530023,-0.001324431300163269,,,0.024238056979576747,0.1755610694885254,0.024238056979576747,0.1755610694885254,0.010239619756241639,0.1755610694885254,0.13200374583403268,0.39729528029759725,0.04764889973004659,0.552331292629242,0.07232536513805389,0.5517943485577901,lstm,cw,6.0,3
240000,120000,0.5,167.57786123653187,7.794473147330343e-10,0.06878219756083713,-0.0013091519236564635,,,0.042405452938874565,0.13944535810748737,0.042405452938874565,0.13944535810748737,0.020352402131756146,0.13944535810748737,0.2899809008439382,0.3885658526817958,0.11509655859073004,0.4980464802583059,0.14898915136655172,0.4826521538098653,lstm,cw,10.0,3
240000,1932,0.00805,45.159117152459125,5.369974391950911e-10,0.709494900777052,2.854218588256836,,,0.004564487309753895,0.9852174483935038,0.004564487309753895,0.9852174483935038,0.0011704957873250048,0.9852174483935038,0.011402642668783665,0.9892540006637573,0.0037686695732176306,0.8924419306119283,0.010970327065388362,0.9792388254801432,lstm,cw,-10.0,4
240000,14128,0.058866666666666664,53.87406993375357,5.379266367144512e-10,0.637807619497463,2.489312614440918,,,0.00487507363408804,0.9283079660733541,0.00487507363408804,0.9283079660733541,0.0012143798395991326,0.9283079660733541,0.011582881530622641,0.9317625689506531,0.004868596793587009,0.8236610800425211,0.011969311130046845,0.9449211982091268,lstm,cw,-6.0,4
240000,72491,0.30204583333333335,67.01150001217185,5.416802341436242e-10,0.5196486220864498,1.1369158789316813,,,0.005814944381763537,0.7366594502925873,0.005814944381763537,0.7366594502925873,0.0015117463249092302,0.7366594502925873,0.015071140337983768,0.693926820119222,0.007631186294804017,0.7404613361358643,0.015167870895067851,0.8558656986554464,lstm,cw,-2.0,4
240000,118684,0.49451666666666666,85.45226057636971,5.566536707593137e-10,0.3637481665890945,0.0716497798482577,,,0.008717387584845224,0.434659761985143,0.008717387584845224,0.434659761985143,0.0029693898418297372,0.434659761985143,0.03683202666242917,0.45907830691337587,0.014570017600556215,0.6542097326914469,0.0260172050178051,0.710174602429072,lstm,cw,2.0,4
240000,120000,0.5,115.04753127290662,6.396121311040761e-10,0.1979704609059,-0.0020285731275876363,,,0.016435680840412775,0.2360470579142372,0.016435680840412775,0.2360470579142372,0.007719476659595967,0.2360470579142372,0.10910759963989258,0.41199993975957233,0.03199881406525771,0.5769205111662546,0.055861566829681394,0.5767683291435242,lstm,cw,6.0,4
240000,120000,0.5,167.69846143062492,8.833688732011458e-10,0.08421842682402222,-0.002163415002822876,,,0.03187492931087812,0.16349103926618894,0.03187492931087812,0.16349103926618894,0.017698608935872714,0.16349103926618894,0.2700898972352346,0.39511665852864586,0.07577676577568054,0.5158673223654429,0.12187414609193802,0.4905088982582092,lstm,cw,10.0,4
240000,648,0.0027,48.368959504522515,5.375041888237189e-10,0.6845287844179407,2.898384260050456,,,0.00461451055581371,0.9885590147972106,0.00461451055581371,0.9885590147972106,0.001131536445269982,0.9885590147972106,0.010852992691099643,0.9943637081782023,0.003763053418944279,0.8733812743822733,0.010945191209514937,0.9771546479860942,lstm,barrage,-10.0,0
240000,1231,0.005129166666666666,60.21238096333563,5.385051143196711e-10,0.5813324043084915,2.8680860463460287,,,0.004978226982802153,0.9655361485481262,0.004978226982802153,0.9655361485481262,0.0010867738387857874,0.9655361485481262,0.00980616476337115,0.9824727605183919,0.004855901374171178,0.7876098265647888,0.01184068776468436,0.9455123791694641,lstm,barrage,-6.0,0
240000,4155,0.0173125,75.09637805094586,5.412865063338778e-10,0.4192979855928631,2.739477719116211,,,0.005951393503695727,0.8846219401359559,0.005951393503695727,0.8846219401359559,0.00102649814914912,0.8846219401359559,0.007799331492682298,0.9361929362614949,0.007601534514377515,0.6860177133878073,0.014257277774314086,0.8790662431716919,lstm,barrage,-2.0,0
240000,18183,0.0757625,87.17895523522122,5.506378658748535e-10,0.24009165444770494,2.266100991312663,,,0.00856337167074283,0.6694561511675516,0.00856337167074283,0.6694561511675516,0.0010711935212835669,0.6694561511675516,0.00513096207578977,0.7752836184501648,0.01449908224195242,0.5882335529327393,0.02079494418601195,0.7747770957152049,lstm,barrage,2.0,0
240000,54008,0.22503333333333334,97.69867206930495,5.86549890150413e-10,0.1079818887897688,1.358799605814616,,,0.014937905140717824,0.38726390158136687,0.014937905140717824,0.38726390158136687,0.001598917585487167,0.38726390158136687,0.0035056946605443954,0.4785393086274465,0.03182625254491965,0.510039290746053,0.03716063836216926,0.6722138470013936,lstm,barrage,6.0,0
240000,90398,0.3766583333333333,117.25253000471156,7.19026237204969e-10,0.042709143144163145,0.5927761528015136,,,0.027561121266086896,0.19861618295311928,0.027561121266086896,0.19861618295311928,0.0031091972328722477,0.19861618295311928,0.004310305450856686,0.27098485026756924,0.07535221962134044,0.4553967809677124,0.07269971234401067,0.5990615453720093,lstm,barrage,10.0,0
240000,661,0.0027541666666666665,48.37532641931981,5.373138810530118e-10,0.6844101228955821,2.898173146057129,,,0.004613769263277451,0.9885303457578023,0.004613769263277451,0.9885303457578023,0.0011312811315680545,0.9885303457578023,0.010850543922682603,0.9941962265968323,0.0037624681927263736,0.8718247083028158,0.01094337846537431,0.9773506064414978,lstm,barrage,-10.0,1
240000,1265,0.005270833333333333,60.10818166447748,5.382885026460605e-10,0.5822652004780489,2.867430608622233,,,0.004976914565761884,0.9647792706489563,0.004976914565761884,0.9647792706489563,0.0010864237431436777,0.9647792706489563,0.009803088235855103,0.9813438696861267,0.00485453825717171,0.7859385952949524,0.011837659163276355,0.945983592192332,lstm,barrage,-6.0,1
240000,4237,0.017654166666666665,74.93162669216785,5.40853770831808e-10,0.4212367154446901,2.7382049886067708,,,0.005949119399736325,0.881286375840505,0.005949119399736325,0.881286375840505,0.0010261360270281633,0.881286375840505,0.007796134939789772,0.9318008852005005,0.007598279780646165,0.6847060646216074,0.01425140863507986,0.8799917879104614,lstm,barrage,-2.0,1
240000,18203,0.07584583333333333,87.03294348547993,5.498070802983564e-10,0.24256106272991776,2.2682085779825845,,,0.00855977354546388,0.6661559303601583,0.00855977354546388,0.6661559303601583,0.0010710426364094019,0.6661559303601583,0.005127006077766418,0.7689834966659546,0.014491175056993962,0.5870867705345154,0.020785003807147345,0.7761507878303527,lstm,barrage,2.0,1
240000,53817,0.2242375,97.48990075854196,5.851669934195732e-10,0.11197665076958477,1.3640302004496256,,,0.014932598600288232,0.38669292322794596,0.014932598600288232,0.38669292322794596,0.0015987982944274941,0.38669292322794596,0.00349927099943161,0.47857910044987995,0.031806816100080806,0.5087787480354309,0.037144421847661334,0.672900740702947,lstm,barrage,6.0,1
240000,90434,0.37680833333333336,116.76021749010067,7.174054704943877e-10,0.04853358583093238,0.5935464124043782,,,0.027555272325873376,0.1972412396694223,0.027555272325873376,0.1972412396694223,0.0031088249798864125,0.1972412396694223,0.004309716899196307,0.2668773298462232,0.0753040712873141,0.45407477140426633,0.07267728986740113,0.5990505126317343,lstm,barrage,10.0,1
240000,633,0.0026375,48.39485119812279,5.372496012396013e-10,0.6842643309176429,2.8983838826497395,,,0.004613465712964534,0.9882057719230651,0.004613465712964534,0.9882057719230651,0.0011314448909834026,0.9882057719230651,0.01084946115364631,0.9940377329190572,0.003763740341862043,0.8727890842755636,0.010942596868177255,0.9771402088801066,lstm,barrage,-10.0,2
240000,1250,0.005208333333333333,60.15749977312735,5.382831737555307e-10,0.5818148199267751,2.8677652262369793,,,0.004976804009328286,0.9640080755551657,0.004976804009328286,0.9640080755551657,0.0010867720300331712,0.9640080755551657,0.009802968857685725,0.9808582407633464,0.0048564867104093235,0.7875097538630168,0.011837093914548557,0.9454508075714111,lstm,barrage,-6.0,2
240000,4261,0.017754166666666668,75.08983479358234,5.41106908753829e-10,0.41929362442454976,2.7379726826985675,,,0.0059497280262410645,0.8791427607536316,0.0059497280262410645,0.8791427607536316,0.0010267934150993824,0.8791427607536316,0.007798743271330993,0.9309392318725586,0.007601197931170463,0.6872696463267008,0.014253089194993178,0.8790462536811828,lstm,barrage,-2.0,2
240000,18290,0.07620833333333334,87.15088297050816,5.504133372445898e-10,0.240486392648984,2.2637058125813803,,,0.008562104766567548,0.6638459615707397,0.008562104766567548,0.6638459615707397,0.0010720311887562274,0.6638459615707397,0.005133048949887355,0.7686353050867717,0.014495372804005941,0.5906878469785054,0.02079081228474776,0.775707984050115,lstm,barrage,2.0,2
240000,54333,0.2263875,97.54908720539733,5.867161987870824e-10,0.11020999263110426,1.3561540835062662,,,0.01493762497107188,0.38649354525407154,0.01493762497107188,0.38649354525407154,0.0016000707729409138,0.38649354525407154,0.0035027054846286775,0.47806446154912313,0.03181239647070567,0.513017852306366,0.037155188127358754,0.6736921561559042,lstm,barrage,6.0,2
240000,90664,0.37776666666666664,116.97184130756315,7.209896602835815e-10,0.045934388851660214,0.587234120686849,,,0.02756278689901034,0.19927987693374355,0.02756278689901034,0.19927987693374355,0.003110708165044586,0.19927987693374355,0.0042961681686341764,0.27104344991842905,0.07531022047201792,0.4584534604549408,0.07268782596588134,0.6001786915461222,lstm,barrage,10.0,2
240000,704,0.0029333333333333334,48.42222517257707,5.371661386433085e-10,0.6840907682561104,2.8975879262288413,,,0.0046131583708028,0.9881998852094015,0.0046131583708028,0.9881998852094015,0.0011309297872707249,0.9881998852094015,0.010846426868438721,0.9939760092099508,0.0037602559647212427,0.8731641448338826,0.010942860837777455,0.9773964200019837,lstm,barrage,-10.0,3
240000,1323,0.0055125,60.28831359568277,5.380353153080745e-10,0.5806006155019667,2.8667519231160483,,,0.004976390761882067,0.9643203433354696,0.004976390761882067,0.9643203433354696,0.0010859686796863873,0.9643203433354696,0.009797022326787313,0.9812261219024658,0.004850438201179107,0.787232746442159,0.011836582484841346,0.9459714937210083,lstm,barrage,-6.0,3
240000,4260,0.01775,75.13422703130104,5.40545471497952e-10,0.41889052542827376,2.7374810475667317,,,0.005949385505417982,0.8818258848190308,0.005949385505417982,0.8818258848190308,0.001025741937942803,0.8818258848190308,0.007788666560749213,0.932171421845754,0.0075902900263667104,0.685170471906662,0.014251534870763619,0.8800478901863098,lstm,barrage,-2.0,3
240000,18462,0.076925,87.17911455319792,5.497280234788388e-10,0.24045350995188963,2.2634661356608072,,,0.008562201474110286,0.6679614804585775,0.008562201474110286,0.6679614804585775,0.0010712786535422008,0.6679614804585775,0.005122971119731664,0.770922348022461,0.014474765083690484,0.5866608737309774,0.02078696191708247,0.7765435748100281,lstm,barrage,2.0,3
240000,54282,0.226175,97.60668054074122,5.859924589965708e-10,0.11017752567583586,1.3566745880126954,,,0.014937765848636627,0.38917831552028653,0.014937765848636627,0.38917831552028653,0.0016007517882312338,0.38917831552028653,0.0035064099695533515,0.48113117639223735,0.03177139648497105,0.5080217614968617,0.037143881263335544,0.6740361181894938,lstm,barrage,6.0,3
240000,90424,0.3767666666666667,116.98216275879382,7.198681150838665e-10,0.04615236150662094,0.589837186050415,,,0.027562332795063656,0.20189744740724563,0.027562332795063656,0.20189744740724563,0.003113270181789994,0.20189744740724563,0.004327920814106862,0.27161010398467383,0.0752242933233579,0.4533118901252747,0.07265941132704416,0.6003168005943298,lstm,barrage,10.0,3
240000,628,0.002616666666666667,48.1575543442986,5.37263780092959e-10,0.6862877948374158,2.898424201456706,,,0.004613136650125186,0.988511301835378,0.004613136650125186,0.988511301835378,0.0011306455635776123,0.988511301835378,0.010845750356217225,0.9941995719273885,0.0037638276608039935,0.8730806353886922,0.01094290058563153,0.9772186309496562,lstm,barrage,-10.0,4
240000,1251,0.0052125,59.959989081599076,5.383098369283799e-10,0.5837330183551509,2.867832706197103,,,0.004976442602276802,0.96518252658844,0.004976442602276802,0.96518252658844,0.001085625642289718,0.96518252658844,0.009796928483247758,0.9818211722373963,0.004857091977447272,0.7879295701980591,0.011836787195503712,0.9457428062756856,lstm,barrage,-6.0,4
240000,4158,0.017325,74.87663548869776,5.410492283990765e-10,0.4218148750096162,2.7387161844889323,,,0.005949580101420482,0.8834462423324585,0.005949580101420482,0.8834462423324585,0.0010254181736459335,0.8834462423324585,0.007790537391106287,0.9324403972625732,0.007603329677383105,0.6873225370248158,0.014251930832862855,0.8792958335876465,lstm,barrage,-2.0,4
240000,18342,0.076425,86.99311466119578,5.500919476696911e-10,0.24274517645458757,2.265470775858561,,,0.00856240528523922,0.667636091152827,0.00856240528523922,0.667636091152827,0.0010710249975323678,0.667636091152827,0.005127391387770574,0.7681190274556478,0.014501696827510993,0.5902002719243368,0.02079104084968567,0.7753234929243723,lstm,barrage,2.0,4
240000,53812,0.22421666666666668,97.4620547939613,5.856278328871735e-10,0.11158523447170769,1.3602614166259765,,,0.014938287713130315,0.3865461432139079,0.014938287713130315,0.3865461432139079,0.0016005316578472655,0.3865461432139079,0.0035120316197474796,0.4734502971172333,0.03182981733083725,0.5124958768685659,0.03715872258146604,0.6732499442100525,lstm,barrage,6.0,4
240000,90216,0.3759,116.85218424397094,7.175105051023949e-10,0.04746080316407133,0.5939266260782877,,,0.02756497008105119,0.19962324681381385,0.02756497008105119,0.19962324681381385,0.0031130267053842546,0.19962324681381385,0.004332297807186842,0.266544930934906,0.07535641486644745,0.4581528395016988,0.07270443511803945,0.5998168041706086,lstm,barrage,10.0,4
240000,903,0.0037625,45.442068520651794,5.374212789108275e-10,0.7076412604097284,2.893195406595866,,,0.004545238828659057,0.9888684438069661,0.004545238828659057,0.9888684438069661,0.001117850350961089,0.9888684438069661,0.010772297318279743,0.9927626856168111,0.0036370082539816696,0.8903170285224915,0.010752194378773372,0.9798874947230021,lstm,partial_band,-10.0,0
240000,3782,0.015758333333333333,55.70172839960433,5.39070709700031e-10,0.6222267890141403,2.806974872334798,,,0.004839341195424398,0.9514236114819845,0.004839341195424398,0.9514236114819845,0.0010737038052951297,0.9514236114819845,0.009797051436205705,0.9656392251650492,0.00453838835246861,0.8144038933118184,0.01141982009957234,0.94751518090566,lstm,partial_band,-6.0,0
240000,22271,0.09279583333333333,70.221234202835,5.455892351498091e-10,0.47809995151590434,2.3325464258829753,,,0.005771557379513979,0.791218334197998,0.005771557379513979,0.791218334197998,0.0010993538736676176,0.791218334197998,0.00891301297992468,0.8408425326347351,0.00680254842042923,0.7208655743598938,0.01356827384531498,0.8705925261179606,lstm,partial_band,-2.0,0
240000,81884,0.34118333333333334,84.75339008382124,5.799085540592735e-10,0.29598089862599997,0.9692390394846598,,,0.008726140230894089,0.46268051918347675,0.008726140230894089,0.46268051918347675,0.001657623195151488,0.46268051918347675,0.012497009162108103,0.5480256390571594,0.01248985430598259,0.6249524625142415,0.020455098429322242,0.7556277921994528,lstm,partial_band,2.0,0
240000,117860,0.4910833333333333,97.28178444982075,7.517830322750071e-10,0.13760385262261882,0.09748533770243327,,,0.016568592354655267,0.19340478324890137,0.016568592354655267,0.19340478324890137,0.003950001778701941,0.19340478324890137,0.032616697790225344,0.3848381841580073,0.026775709491968155,0.5421919233004252,0.03926096167961756,0.6513410867849986,lstm,partial_band,6.0,0
240000,119965,0.49985416666666665,114.09854198495492,1.1853639385950665e-09,0.04520809052326398,0.017413298233350118,,,0.031644035587708154,0.08171709555511673,0.031644035587708154,0.08171709555511673,0.00892925126850605,0.08171709555511673,0.07737328456640244,0.346985226392746,0.06266013859510422,0.4804246874650319,0.07853862835168839,0.5751204522450765,lstm,partial_band,10.0,0
240000,1286,0.005358333333333333,49.920399397792494,5.370028150671502e-10,0.6717880283331273,2.8747780527750653,,,0.004602471789717674,0.9870600439707438,0.004602471789717674,0.9870600439707438,0.0011484098765378197,0.9870600439707438,0.01114941818366448,0.9920233802795411,0.003902718348801136,0.8652486125628154,0.011109736184775829,0.9748649593989054,lstm,partial_band,-10.0,1
240000,7628,0.03178333333333333,62.3989770166218,5.378464603231458e-10,0.5626721411681261,2.6824623479207355,,,0.004962287601828575,0.9450827136039733,0.004962287601828575,0.9450827136039733,0.0011457336446891227,0.9450827136039733,0.010783448207378388,0.9560185963312785,0.00520648294625183,0.7798825117746989,0.012302010457217693,0.9382336430549622,lstm,partial_band,-6.0,1
240000,44666,0.18610833333333332,77.39434063596359,5.405608844008515e-10,0.40762600245553926,1.7782893348693847,,,0.0059680367693305016,0.7983981611728668,0.0059680367693305016,0.7983981611728668,0.0012502736207097769,0.7983981611728668,0.011414547431965669,0.7891497706572215,0.00848177383641402,0.6813220891952515,0.015625298153360685,0.8600984439849854,lstm,partial_band,-2.0,1
240000,105377,0.43907083333333335,90.59279941599878,5.513936603152847e-10,0.2470965696042086,0.41342647120157877,,,0.008665464331706365,0.5305880224704742,0.008665464331706365,0.5305880224704742,0.0018392072807376584,0.5305880224704742,0.017821153578162195,0.5221939970652263,0.01670953854173422,0.5873849225044251,0.024591510762770972,0.7522265295187632,lstm,partial_band,2.0,1
240000,119646,0.498525,105.09351045515754,5.977385111450609e-10,0.12172624961724712,0.01644107149839401,,,0.014661970008412998,0.30925506991147994,0.014661970008412998,0.30925506991147994,0.0035801025585581858,0.30925506991147994,0.03832031281590462,0.42844324072202045,0.03737770823438962,0.5120493066310883,0.04541211332480113,0.6577578877607981,lstm,partial_band,6.0,1
240000,119999,0.4999958333333333,137.1656643156437,7.416096320817352e-10,0.047779142108005795,-0.003140918751557668,,,0.025186087914307913,0.20010040145119032,0.025186087914307913,0.20010040145119032,0.00699254364296794,0.20010040145119032,0.081458454032739,0.4047635524272919,0.08929532651106517,0.45877514759699506,0.08836679946184159,0.5812713826497395,lstm,partial_band,10.0,1
240000,2409,0.0100375,49.9989846800946,5.370811370623596e-10,0.6710334852854379,2.8368575490315755,,,0.004634647368143003,0.9806299106280009,0.004634647368143003,0.9806299106280009,0.001178615498666962,0.9806299106280009,0.011452674665053685,0.9855707143147786,0.003911908020824194,0.867821266969045,0.011201225502292316,0.9734608659744263,lstm,partial_band,-10.0,2
240000,17201,0.07167083333333334,62.210152667203054,5.381495146807557e-10,0.5640366642915304,2.4103502558390297,,,0.00508431398794055,0.9144596923192342,0.00508431398794055,0.9144596923192342,0.001242590328057607,0.9144596923192342,0.01184507270505031,0.9148282995223999,0.005228926725188891,0.7838300043741862,0.01267265264292558,0.9310655938784281,lstm,partial_band,-6.0,2
240000,75690,0.315375,77.27102004907533,5.412641382977733e-10,0.4113289672442289,1.0715460093180338,,,0.006456641256560882,0.7166600136756897,0.006456641256560882,0.7166600136756897,0.0015940252661084135,0.7166600136756897,0.01601902587711811,0.6736125362714132,0.008537136307358742,0.6864627200762431,0.017248190595706304,0.8369078313509624,lstm,partial_band,-2.0,2
240000,117836,0.4909833333333333,91.45057165926103,5.531533691494756e-10,0.25493906096938174,0.09136228180726369,,,0.010354301454126835,0.43602115201950076,0.010354301454126835,0.43602115201950076,0.003011318977549672,0.43602115201950076,0.03620958906213442,0.45798053169250486,0.016846996039152146,0.5928906892140706,0.03060083984831969,0.713686424891154,lstm,partial_band,2.0,2
240000,119993,0.4999708333333333,108.53889907924601,6.084617327851423e-10,0.12644841644244725,-0.003829236801465352,,,0.018932591700553895,0.2575167379255096,0.018932591700553895,0.2575167379255096,0.006744098184754451,0.2575167379255096,0.09231782856384912,0.4124007577498754,0.03772044001817703,0.5166220880349477,0.061841202916701636,0.6133000508944193,lstm,partial_band,6.0,2
240000,120000,0.5,146.43519334690956,7.711477384988e-10,0.04924135898287893,-0.003932718074321747,,,0.033146402370929716,0.18391459200531243,0.033146402370929716,0.18391459200531243,0.013501468036572139,0.18391459200531243,0.20214480837980905,0.39709502267837526,0.09015219386021296,0.4618106219768524,0.12350355199575425,0.5405389575958252,lstm,partial_band,10.0,2
240000,1245,0.0051875,49.91605763175977,5.370554567682214e-10,0.6716265190094457,2.8763560134887696,,,0.004620878265798092,0.9883318859736124,0.004620878265798092,0.9883318859736124,0.0011488938024267555,0.9883318859736124,0.011117853385210038,0.9918687272071839,0.003911929844071468,0.8657784716288248,0.011147742014626661,0.9744347224235534,lstm,partial_band,-10.0,3
240000,6968,0.029033333333333335,62.32268668647426,5.381187593764619e-10,0.5621556105749923,2.693597151692708,,,0.0050097773112356666,0.9509700435002645,0.0050097773112356666,0.9509700435002645,0.0011458058459684253,0.9509700435002645,0.010718399129311244,0.9572915824254354,0.005228389348089695,0.7810462940533955,0.012405271551012993,0.9385944638252258,lstm,partial_band,-6.0,3
240000,43466,0.18110833333333334,76.92174631603628,5.41567716662836e-10,0.40719493536438084,1.7914795850118002,,,0.006084842402736346,0.817908446153005,0.006084842402736346,0.817908446153005,0.0012421125719323755,0.817908446153005,0.01129360063324372,0.7944976641337077,0.008534847591072321,0.6832463542620341,0.015913231656948724,0.8629270106951396,lstm,partial_band,-2.0,3
240000,106768,0.4448666666666667,89.05952566154372,5.548647822124934e-10,0.25004613042918883,0.39397652543385825,,,0.008933708582321802,0.5598528080781301,0.008933708582321802,0.5598528080781301,0.0018024734996880095,0.5598528080781301,0.0177307381272316,0.527194142738978,0.016839758964379628,0.5894984265963237,0.02540440635184447,0.7589120024840037,lstm,partial_band,2.0,3
240000,119869,0.49945416666666664,101.36972846887903,6.128746899498884e-10,0.12917830553136306,0.011989987909793854,,,0.015300490917762121,0.330583028336366,0.015300490917762121,0.330583028336366,0.0036014452687154214,0.330583028336366,0.03983974823753039,0.43041937017440796,0.03769990361134211,0.5136958956718445,0.04769965159296989,0.667106368859609,lstm,partial_band,6.0,3
240000,120000,0.5,131.9154504499164,7.990434529517443e-10,0.05404299323664296,-0.005379028046131134,,,0.026705287717779476,0.21416018069783846,0.026705287717779476,0.21416018069783846,0.00759022904013594,0.21416018069783846,0.09165653026898701,0.406478253086408,0.09009687020778656,0.46020318094889323,0.09420672362645467,0.5893088987668356,lstm,partial_band,10.0,3
240000,1063,0.004429166666666666,45.479401215637346,5.377110380437456e-10,0.7075060662223995,2.8871115509033203,,,0.004556570890545845,0.9868320055007934,0.004556570890545845,0.9868320055007934,0.001107899067675074,0.9868320055007934,0.0106093176856637,0.9916062420209248,0.0036451779536902902,0.8899115481376648,0.010767728607356548,0.9788503586451213,lstm,partial_band,-10.0,4
240000,4087,0.017029166666666668,55.68873134067601,5.39904165547574e-10,0.6224476500762296,2.7919343933105467,,,0.004875863740841548,0.9402116074562072,0.004875863740841548,0.9402116074562072,0.001055864705083271,0.9402116074562072,0.009441488593816758,0.9605423536300659,0.004558673678711057,0.8132599407831828,0.011476472834746043,0.9440998266537984,lstm,partial_band,-6.0,4
240000,19059,0.0794125,69.63730353886072,5.478691226345114e-10,0.4826335538386863,2.3840860850016274,,,0.005859692069639762,0.7706336828072866,0.005859692069639762,0.7706336828072866,0.0010669164991627138,0.7706336828072866,0.008019519534210364,0.8433028423786163,0.0068531286788483465,0.7186576934655508,0.013698264823357264,0.8679505143165588,lstm,partial_band,-2.0,4
240000,65504,0.2729333333333333,82.64512528536495,5.770719993037733e-10,0.3101161820932821,1.3269711237589519,,,0.008711126245061556,0.47090811061859134,0.008711126245061556,0.47090811061859134,0.001487064219576617,0.47090811061859134,0.00854371020545562,0.6070725699265798,0.012616313341756662,0.6219386331240336,0.020204553447167078,0.7619623909791311,lstm,partial_band,2.0,4
240000,109351,0.45562916666666664,92.65105141816476,6.961875381765075e-10,0.15672544298392038,0.34981408246358237,,,0.0156798294822375,0.21366454994678497,0.0156798294822375,0.21366454994678497,0.0030227261311064164,0.21366454994678497,0.014419093036154906,0.41872734534740447,0.027092420968413352,0.5392446328004201,0.036241718290249504,0.6700954679648081,lstm,partial_band,6.0,4
240000,117670,0.4902916666666667,108.12491776481136,1.0016362305643614e-09,0.054574034712024565,0.10890107065836589,,,0.029157518914341925,0.08873705745364228,0.029157518914341925,0.08873705745364228,0.006179884099711975,0.08873705745364228,0.023909766474366188,0.33845832606156667,0.06345419157743454,0.4780830802122752,0.06885277652740479,0.6022790139516194,lstm,partial_band,10.0,4
