n_sym,n_err,ber,mse_tau,mse_fd,corr_tau,margin_mean,attn_entropy,attn_maxw,conv1_energy,conv1_cos,conv2_energy,conv2_cos,qkv_attention_energy,qkv_attention_cos,shared_gap_energy,shared_gap_cos,pool_projection_energy,pool_projection_cos,sensing_delay_profile_energy,sensing_delay_profile_cos,sensing_features_energy,sensing_features_cos,arch,jammer,jsr_db,realization
240000,3742,0.015591666666666667,43.29524306203892,5.355571002100634e-10,0.7239979461810995,2.7641086654663085,4.417705579827485,0.07018695039876302,0.011319903396070004,0.997570323308309,0.020941740971803666,0.9907012936274211,0.25928679332733157,0.9654260536829631,0.22040662458737692,0.9654260536829631,0.5511261178016662,0.9767343370119731,0.0036916979396094877,0.9075950716336568,0.29686973727544147,0.9741265710194905,qkv,cw,-10.0,0
240000,28578,0.119075,50.880243666644276,5.363541362755937e-10,0.6648372955769152,2.14571201171875,4.419927085589513,0.06740133430989584,0.012854686452945073,0.9906709799766541,0.023664796584844588,0.96136883020401,0.2965902345498403,0.8077013519605001,0.25429643635749816,0.8077013519605001,0.6573256276130677,0.8486430449485779,0.00466533141049246,0.849376594543457,0.3344573522090912,0.8750850887298584,qkv,cw,-6.0,0
240000,102112,0.42546666666666666,61.83952485485036,5.373505105681432e-10,0.5671454728811667,0.48621051502227786,4.420441749441545,0.06224655727132161,0.016707448894778886,0.9714624376296997,0.031759662139415744,0.8835492026011149,0.5315091451327006,0.31839119631052015,0.4808733682950338,0.31839119631052015,1.3202080556869507,0.552032506386439,0.007104882461329301,0.776332479317983,0.5804629179954529,0.6265927620728811,qkv,cw,-2.0,0
240000,119925,0.4996875,75.22621625495587,5.380468552150431e-10,0.4406724242974147,0.005004001474380493,4.4067825163449195,0.0560955496673584,0.026362819905082383,0.9371232085227966,0.055550822752714155,0.775760458946228,1.513649778366089,0.05890700675050418,1.445086759185791,0.05890700675050418,4.111560876719157,0.4938502993981044,0.013223080898324649,0.6962006100018819,1.626240525309245,0.4249082712729772,qkv,cw,2.0,0
240000,120000,0.5,94.46816347119147,5.397437660215623e-10,0.2930366498835155,1.7075570424397785e-05,4.339417685689103,0.05959656869506836,0.05048366872866948,0.8984330242474874,0.1213062555551529,0.6977519659996033,4.627627854410807,0.009172903915246328,4.526666539255778,0.009172903915246328,13.117562500508626,0.48891667302449543,0.028575963977972667,0.6188106152216594,5.01046861928304,0.34257749730845294,qkv,cw,6.0,0
240000,120000,0.5,122.14518181314992,5.582989689722147e-10,0.16278413235510317,0.019185274358590444,4.196241861632888,0.07429073105875651,0.1106531545440356,0.8680749742190043,0.2928202345053355,0.6605782999197642,12.63695544535319,-0.009536616166432699,12.44377399851481,-0.009536616166432699,35.86041927693685,0.486217672030131,0.06711635673046112,0.5521173470020294,13.629507781982422,0.31362869799137116,qkv,cw,10.0,0
240000,2292,0.00955,42.76455583422126,5.359934948117503e-10,0.7278261144710672,2.8051267181396486,4.4107306655332765,0.07181505853271485,0.011212409355243046,0.9981032772064209,0.020924079277118045,0.9927546571095784,0.25439198834101356,0.9780885047912597,0.2156706641991933,0.9780885047912597,0.5416324561119079,0.98545254945755,0.0035756337138513725,0.9136678876876831,0.29515845545132957,0.9818016339937846,qkv,cw,-10.0,1
240000,16940,0.07058333333333333,49.21256915221491,5.370135604138096e-10,0.678421555539614,2.419194790903727,4.406461270431266,0.07140059857177734,0.012579556025067965,0.9923103852272034,0.023472194581230482,0.9699946513175964,0.2713995223045349,0.8792786742846171,0.22984611678123473,0.8792786742846171,0.5950977986653646,0.9013686760266622,0.004384493881339828,0.8558185243606568,0.31541388427416484,0.9138651100794474,qkv,cw,-6.0,1
240000,82111,0.34212916666666665,58.8857775069002,5.386720290113856e-10,0.5937330277237832,0.9416920495351155,4.395149205668534,0.0714320180460612,0.015988577285408975,0.9750113994280497,0.030693975979089738,0.9062117220560709,0.4085344731489817,0.4650654038389524,0.3603133905887604,0.4650654038389524,0.9948098550796509,0.6152716243267059,0.006416413079202175,0.7817707236607869,0.46736786184310913,0.7059815840721131,qkv,cw,-2.0,1
240000,119471,0.4977958333333333,69.43723036660481,5.417156491710685e-10,0.4873828050720939,0.031882368886470794,4.366037965975594,0.07211367596435547,0.024465083409349123,0.9414842136700948,0.05121137629747391,0.8061751187642415,1.0212883317947388,0.09099995775024096,0.9571037826538086,0.09099995775024096,2.7149900859832763,0.49673817324638364,0.011520607976118723,0.6993981294631958,1.1280543169021606,0.48271289745966595,qkv,cw,2.0,1
240000,120000,0.5,81.38299236941704,5.484249818073932e-10,0.3615842867118873,0.001837730880578359,4.294714042974676,0.0740532959391276,0.045504786835114164,0.9006664662361145,0.10712574594418207,0.7218473277886709,3.0820175879160563,0.01580100307861964,2.979549664179484,0.01580100307861964,8.468881817118326,0.4899771949450175,0.024342153628667196,0.6195170605977376,3.339973602803548,0.37769633141160014,qkv,cw,6.0,1
240000,120000,0.5,91.72809342068706,5.646256926291894e-10,0.23928794618147692,0.015163190790017446,4.124327041320003,0.08328748801676432,0.09777128148476283,0.8667592868804932,0.25291239555676776,0.676237177213033,8.961298099772135,-0.008642161985238393,8.769715771484375,-0.008642161985238393,24.69044792582194,0.4863047479788462,0.05654903482198715,0.550866704305013,9.58813659769694,0.3349008304476738,qkv,cw,10.0,1
240000,569,0.0023708333333333333,44.41509571862039,5.355946333454479e-10,0.715218356558504,2.8630012669881184,4.407491431447906,0.07385837377929687,0.011115725807845592,0.9988563879330953,0.020695435516039532,0.997745370388031,0.24975244317054748,0.9948636544545492,0.2121343569755554,0.9948636544545492,0.5176455653826396,0.9986916429201762,0.0037060296124468246,0.8917619307835897,0.29174706697463987,0.9950457069079082,qkv,cw,-10.0,2
240000,642,0.002675,52.009989344476935,5.361230276242719e-10,0.6547923816443418,2.847800993347168,4.401819226901102,0.07467335512288412,0.012333746240536372,0.9954070539474488,0.022698483179012935,0.9912883226076762,0.23362149602572124,0.9844514271418253,0.1943833325703939,0.9844514271418253,0.45662051788965863,0.9959074625968933,0.0047134544273217515,0.8225158476829528,0.2777448551336924,0.9849157799084981,qkv,cw,-6.0,2
240000,917,0.003820833333333333,62.625084272726525,5.37261592689972e-10,0.5596752068154844,2.800695900472005,4.389056866461579,0.07679410391235351,0.015357107363641261,0.9845431480407715,0.027877872248490653,0.971923832098643,0.20816359130541484,0.9449054950078328,0.16490024828116098,0.9449054950078328,0.347187978553772,0.9840815130869548,0.007244976444542408,0.7389052596092224,0.2567002145131429,0.9495288313229878,qkv,cw,-2.0,2
240000,2179,0.009079166666666666,75.16851453769027,5.443153010783249e-10,0.42848447197297806,2.613469876098633,4.361092978009074,0.08248249413045247,0.02283542227645715,0.9617983541488647,0.04124215198556582,0.9345838182767232,0.1904178091287613,0.7945665895144145,0.1372748300711314,0.7945665895144145,0.2031992569843928,0.9237731583913167,0.013605434208114942,0.6528403897285462,0.24760074427922565,0.844364195505778,qkv,cw,2.0,2
240000,8747,0.03644583333333333,91.03967355557192,5.878647014096712e-10,0.2592287222717666,1.9155169972737631,4.303964417668277,0.09291933360799154,0.04132755597432455,0.9327636302312216,0.07497208801110586,0.8928978592554728,0.24202885465621948,0.4611080813407898,0.16468321860631308,0.4611080813407898,0.09321104202667872,0.6880700633525848,0.029584656557440758,0.5761930940151214,0.31042536333402,0.6611160660584767,qkv,cw,6.0,2
240000,18902,0.07875833333333333,121.416688274947,7.478861602322386e-10,0.13535701166280079,0.8400592664082845,4.200547344680832,0.10464193223063151,0.08715847839911779,0.9087575165430705,0.15879424148400625,0.8636861478487651,0.5146941385269165,0.15133235904326042,0.3748098980108897,0.15133235904326042,0.09710808897415797,0.29624236539999643,0.06972657122214636,0.51579105869929,0.5696203846613566,0.5123347576459248,qkv,cw,10.0,2
240000,5791,0.024129166666666667,49.39347878713666,5.348332988107034e-10,0.6754761457666666,2.7215603729248046,4.407796837585842,0.07512105689493816,0.011207057836155096,0.9984099791844686,0.021206613819797833,0.9932845859527588,0.2616364049752553,0.9679723833401997,0.22376799697875976,0.9679723833401997,0.5303295720418294,0.9700371503829956,0.004160551325728496,0.8653929564158122,0.3060976458072662,0.9669164088567098,qkv,cw,-10.0,3
240000,41442,0.172675,59.14939868834604,5.347809666795609e-10,0.5910601413629221,1.877564264678955,4.401425186810541,0.07679486018880208,0.012570847581823667,0.9941731254259746,0.02417983730137348,0.9742493759791057,0.2980787120660146,0.790109203338623,0.25823988019625344,0.790109203338623,0.6009361494382223,0.8027124389012654,0.005854314820716779,0.7897814316749573,0.3554047741731008,0.8455406807263692,qkv,cw,-6.0,3
240000,110870,0.46195833333333336,71.00181129048572,5.352692872173013e-10,0.4767314891032632,0.3171309831460317,4.385069341569578,0.0803426153157552,0.01597605636467536,0.9823243203163147,0.03233330606520176,0.92580925989151,0.5180192008972168,0.28709944053490954,0.4729633810679118,0.28709944053490954,1.1313533198038737,0.525874013264974,0.010109346703688304,0.704977055867513,0.6122336769739787,0.6298319826920827,qkv,cw,-2.0,3
240000,119975,0.4998958333333333,85.31756657844619,5.384996683390034e-10,0.3473278718539457,0.06592246211767197,4.346348419505455,0.08681447840372722,0.024437300156553585,0.960472733815511,0.05468155015508334,0.8564201525052388,1.44850318775177,0.06461550653974216,1.3887974543889363,0.06461550653974216,3.348069143676758,0.48447167857487994,0.020798280575871467,0.6227008706728617,1.606439127222697,0.4918692501783371,qkv,cw,2.0,3
240000,120000,0.5,102.04821945969043,5.613462502116134e-10,0.22892480859297215,0.0292859519581,4.270412683077042,0.09629980328369141,0.04539031656384468,0.934748423576355,0.11418591085672379,0.8020255726973216,4.4531697458903,0.018628767112890878,4.349109825388591,0.018628767112890878,10.466517856343588,0.47929045542081194,0.04764889973004659,0.552331292629242,4.7166860399882,0.4365090056657791,qkv,cw,6.0,3
240000,120000,0.5,125.08495180442762,6.496263402932136e-10,0.13967834672062612,-0.002741295679410299,4.145907085411866,0.10656103953043619,0.09733103358348211,0.9132140771547953,0.2673130866209666,0.7749151300589243,12.556453330485025,0.0001077495813369751,12.305345557149252,0.0001077495813369751,29.559780313110352,0.4739880790710449,0.11509655859073004,0.4980464802583059,13.019149513753256,0.41870889019966123,qkv,cw,10.0,3
240000,4366,0.018191666666666665,45.80665394491284,5.351446192639652e-10,0.7039177025906413,2.7583214116414387,4.41006667479616,0.07314233248901367,0.011398651181161403,0.9970233244895935,0.020714136363069218,0.9924246298472087,0.253736593023936,0.9734458030064901,0.21628122646013895,0.9734458030064901,0.5105932980537414,0.9783363016446431,0.0037686695732176306,0.8924419306119283,0.29625282479921977,0.9735072061220805,qkv,cw,-10.0,4
240000,33378,0.139075,54.22526334980691,5.352202628541272e-10,0.6346268578507135,2.052979759724935,4.406222221166516,0.07338984427897136,0.013053544778128465,0.9893691329956055,0.023025703713297842,0.9702189844449361,0.27166705810228986,0.8259922299385071,0.23297766648928325,0.8259922299385071,0.5311077368736267,0.837502147992452,0.004868596793587009,0.8236610800425211,0.32290057729085286,0.8698898547490438,qkv,cw,-6.0,4
240000,105146,0.4381083333333333,65.88228234337585,5.356352716377613e-10,0.5279740397907862,0.4459003340403239,4.396286439879022,0.07378115859985351,0.01719292075832685,0.9696194305419922,0.029721118127306302,0.913692275206248,0.42213633580207827,0.3604457972546419,0.38025624963442484,0.3604457972546419,0.877413504632314,0.5580729438463847,0.007631186294804017,0.7404613361358643,0.4995201807339986,0.6624259130954743,qkv,cw,-2.0,4
240000,119925,0.4996875,79.7472539104908,5.389695066244143e-10,0.39528911155984214,0.06724211800893148,4.367727440628385,0.07561470373535156,0.02750639255742232,0.9360474085807801,0.04888725225726764,0.8346860822041829,1.0794891887664795,0.08901750618219376,1.0285608942667643,0.08901750618219376,2.384922106297811,0.48630508907636005,0.014570017600556215,0.6542097326914469,1.1936167781829834,0.5136660966873169,qkv,cw,2.0,4
240000,120000,0.5,91.95148929965188,5.593807852941548e-10,0.27685358867270143,0.0682706079006195,4.2886514104911395,0.08331143620808919,0.05314585151473681,0.8987905559539795,0.10106181211471557,0.7742653252283732,3.1266226294199626,0.027453179915746053,3.0481122491200763,0.027453179915746053,7.0267585848490395,0.479845108350118,0.03199881406525771,0.5769205111662546,3.2732900325775147,0.44675607144832613,qkv,cw,6.0,4
240000,120000,0.5,106.15402453371011,6.527665154730148e-10,0.19645016921985858,0.062471309423446655,4.1125463441270265,0.09939986655680338,0.11696239306926727,0.8695007719993592,0.23624032061894734,0.7433989797433217,8.585415704854329,0.0015591214299201966,8.421395804341634,0.0015591214299201966,19.27325307515462,0.4742312249739965,0.07577676577568054,0.5158673223654429,8.73217539316813,0.42052417782942453,qkv,cw,10.0,4
240000,808,0.0033666666666666667,49.040896070848326,5.355295491016664e-10,0.6781435938864077,2.8527743408203126,4.408949362610202,0.0732585303141276,0.01123072950343291,0.9981645851135253,0.020812805995345116,0.997438333829244,0.24735515031814576,0.9917497762044271,0.20944530316988627,0.9917497762044271,0.5084934372266133,0.9970123855272929,0.003763053418944279,0.8733812743822733,0.2884275649865468,0.9920886030197144,qkv,barrage,-10.0,0
240000,1505,0.006270833333333333,60.92189081859686,5.360593094173855e-10,0.5735049561670206,2.8151545450846354,4.403283407020415,0.0737116396891276,0.012633119669556618,0.9947433989842732,0.023062533368666968,0.992114166577657,0.2311468897342682,0.975765530427297,0.19100954088370006,0.975765530427297,0.4441421133995056,0.9906951581637065,0.004855901374171178,0.7876098265647888,0.2744220874786377,0.9753711585998535,qkv,barrage,-6.0,0
240000,5237,0.021820833333333334,75.89068868866966,5.374725038255781e-10,0.4084824266700776,2.66620544535319,4.387700059129546,0.07501131354777019,0.016141767663260302,0.9865982807477315,0.028953125448028246,0.9787431004842122,0.21130949023564657,0.9176350547472636,0.16513873665332796,0.9176350547472636,0.3445088301817576,0.9570788251558939,0.007601534514377515,0.6860177133878073,0.2626468938827515,0.9200730341275533,qkv,barrage,-2.0,0
240000,21784,0.09076666666666666,88.2041436338884,5.420136411634389e-10,0.22922971085880123,2.1621100929260253,4.345007318757529,0.07852811562093098,0.024893631487091384,0.9728205397923787,0.04419377065896988,0.9562854862213135,0.2191757561127345,0.7175667366981506,0.1558816878080368,0.7175667366981506,0.25010949524243675,0.8264578468004863,0.01449908224195242,0.5882335529327393,0.295427276579539,0.7916405968666077,qkv,barrage,2.0,0
240000,57419,0.23924583333333332,99.7214493998591,5.574604883972686e-10,0.112595979949542,1.2884493863423665,4.232483903245159,0.08854677108764648,0.04668186652461688,0.9571063652038574,0.08289887330532074,0.9326237858136495,0.36551383872032167,0.35714948692917825,0.2479614598274231,0.35714948692917825,0.2628195833047231,0.5687869709332783,0.03182625254491965,0.510039290746053,0.49944273722966515,0.632509021282196,qkv,barrage,6.0,0
240000,90730,0.37804166666666666,126.00578606998461,6.14185325101798e-10,0.05892265550993182,0.5957899939219157,3.966476926452725,0.1145635009765625,0.10094618769486745,0.944113579750061,0.18014031387964885,0.9156276477177938,1.07582683245341,0.08561973590031266,0.7506962061246236,0.08561973590031266,0.7181655903180441,0.35371670683225,0.07535221962134044,0.4553967809677124,1.3231355871836343,0.5220447524388632,qkv,barrage,10.0,0
240000,807,0.0033625,49.0213043899362,5.355063959433191e-10,0.6782923069114722,2.8530746256510415,4.408875797946259,0.07330632669067383,0.01122999706317981,0.9981987477938334,0.020809784764051438,0.9974604813257854,0.24734980312983196,0.991457053343455,0.20943477187156678,0.991457053343455,0.5085145773887634,0.9964759686787923,0.0037624681927263736,0.8718247083028158,0.28844041101137796,0.9920512161254883,qkv,barrage,-10.0,1
240000,1581,0.0065875,60.754061991268664,5.360215258006705e-10,0.5751088993450171,2.815338849894206,4.403187905973799,0.07377602323404948,0.012631861098110675,0.9948308293024699,0.023057730636000633,0.9921856500307719,0.23109761905670165,0.9747496795654297,0.19095131266911824,0.9747496795654297,0.4440460066159566,0.9884918217658997,0.00485453825717171,0.7859385952949524,0.2743958206335704,0.975398848215739,qkv,barrage,-6.0,1
240000,5258,0.021908333333333332,75.59985808188881,5.374054756057546e-10,0.4119318321079343,2.6670339853922527,4.387598661364716,0.07507539379882812,0.016139625880122185,0.9867983754475912,0.028945708159605663,0.9789397333463034,0.21117778676350912,0.9149822165171305,0.16498805255095164,0.9149822165171305,0.34416691565513613,0.9542751560211181,0.007598279780646165,0.6847060646216074,0.26254210505485537,0.9208837337493897,qkv,barrage,-2.0,1
240000,21434,0.08930833333333334,87.90892425054888,5.420016092370554e-10,0.233376026844864,2.1649070887247723,4.344933103900346,0.07855518714396159,0.024890126662453015,0.9731749874750774,0.044182762889067334,0.9566464675267538,0.21879303929805755,0.7126211425463359,0.1554628735780716,0.7126211425463359,0.24914928946495057,0.8229403001467387,0.014491175056993962,0.5870867705345154,0.29509374465942384,0.7919862579504648,qkv,barrage,2.0,1
240000,57510,0.239625,99.46329668442351,5.577497590381561e-10,0.11522377004086114,1.2893760197957356,4.232463117996902,0.0885482410583496,0.046676349169015884,0.9575852096875509,0.08288503483533859,0.9331512339909871,0.3647363921324412,0.3563336614171664,0.24711636963685354,0.3563336614171664,0.26106421972910565,0.571461371421814,0.031806816100080806,0.5087787480354309,0.4987932038784027,0.6337383716901144,qkv,barrage,6.0,1
240000,90945,0.3789375,125.85574583450367,6.151195173546814e-10,0.05925079634330791,0.5946655540466309,3.9663861628304793,0.11457346156819662,0.10093766439358394,0.9446409498850504,0.1801275642156601,0.9161682008107503,1.0736339113871256,0.08978006847699484,0.7485320167541504,0.08978006847699484,0.7133992990175883,0.35329392953713734,0.0753040712873141,0.45407477140426633,1.3213012795766195,0.5225661891301473,qkv,barrage,10.0,1
240000,809,0.0033708333333333333,49.08535541223393,5.35389717769535e-10,0.6777678401697907,2.8526214314778646,4.408896622771327,0.07328339159138997,0.011230514969925085,0.9981568870544434,0.02081022422214349,0.997398701985677,0.24728801420529684,0.9914102238019308,0.20937661442756653,0.9914102238019308,0.5082487339337667,0.9960261465708414,0.003763740341862043,0.8727890842755636,0.28835305287043256,0.9920081070264181,qkv,barrage,-10.0,2
240000,1557,0.0064875,60.85406925988679,5.358296946856314e-10,0.5741496157230501,2.8146167739868164,4.403207217116484,0.07374650091552734,0.012632727667192619,0.9947188963890076,0.023058442106842995,0.9920489783287049,0.2310384508927663,0.9744672706921895,0.1908974505186081,0.9744672706921895,0.44372775281270344,0.9885887020428975,0.0048564867104093235,0.7875097538630168,0.27429619212150574,0.975118987083435,qkv,barrage,-6.0,2
240000,5262,0.021925,75.82085183817057,5.37265825778763e-10,0.4092709434497086,2.666680882263184,4.387627122966896,0.0750376752726237,0.01614107192059358,0.9865613964398702,0.028947115103403726,0.9787278086344401,0.21114802844524383,0.9138564815521241,0.1649679728746414,0.9138564815521241,0.3438530876636505,0.9530897296269735,0.007601197931170463,0.6872696463267008,0.26245002590815225,0.9199589910507202,qkv,barrage,-2.0,2
240000,21650,0.09020833333333333,88.0641446461586,5.420125839734717e-10,0.23111763514404157,2.1640234629313153,4.344966680107188,0.07855358400472005,0.02489254157145818,0.9727847146987915,0.04418528666694959,0.9564292686780294,0.21883478074073792,0.7122770471572876,0.1555246280113856,0.7122770471572876,0.2489027506987254,0.8228384156227112,0.014495372804005941,0.5906878469785054,0.29503830404281617,0.7919622410138448,qkv,barrage,2.0,2
240000,57563,0.23984583333333334,99.58458087992533,5.577101749220928e-10,0.11347373363572293,1.2899072514851888,4.232468314628536,0.08857939006551106,0.04668048419157664,0.9570501352945964,0.08288834402958552,0.9329261471430461,0.3648646251678467,0.35482991609970727,0.24730720772743225,0.35482991609970727,0.26085100982983905,0.5677073865731557,0.03181239647070567,0.513017852306366,0.498747332684199,0.6346195967992146,qkv,barrage,6.0,2
240000,90894,0.378725,125.66146525337432,6.147268078517825e-10,0.06015249723703995,0.5943102729797364,3.966466801758094,0.11458010909016927,0.10094545639355977,0.9440114207267761,0.1801311438481013,0.9159033187230428,1.0744294806162515,0.09189542603989442,0.7494810371081034,0.09189542603989442,0.7146317733446756,0.3619969205856323,0.07531022047201792,0.4584534604549408,1.321667267926534,0.5246119683583578,qkv,barrage,10.0,2
240000,799,0.0033291666666666665,49.04853317621533,5.355332654295063e-10,0.6780759164335829,2.85205773824056,4.408922251206322,0.07329019032796225,0.011229404619336128,0.9981482531229655,0.020808974919716516,0.997440834681193,0.24728100918134052,0.9916527309417724,0.2093723686059316,0.9916527309417724,0.5083222607930501,0.996519970258077,0.0037602559647212427,0.8731641448338826,0.2883537939548492,0.9921288313865662,qkv,barrage,-10.0,3
240000,1551,0.0064625,60.95336256522184,5.360560600709708e-10,0.5732074385626621,2.8135319513956705,4.4032457203641995,0.07375577438354493,0.012630999403695265,0.994707325299581,0.02305664268533389,0.992149117787679,0.23101747023264568,0.9751212997436524,0.19087904746532441,0.9751212997436524,0.44381848564147947,0.9887604042689006,0.004850438201179107,0.787232746442159,0.2742847500483195,0.9756328307787577,qkv,barrage,-6.0,3
240000,5430,0.022625,75.89479773627302,5.373730194133974e-10,0.4084954956567597,2.6647396362304687,4.387645074083244,0.07505513134765625,0.01613839954137802,0.9865464658737183,0.02894410073061784,0.9788694399197896,0.21105487628777822,0.9164467209180196,0.16487425645192463,0.9164467209180196,0.34381184576352436,0.9553525751431783,0.0075902900263667104,0.685170471906662,0.2623646477858225,0.9212953735987346,qkv,barrage,-2.0,3
240000,21811,0.09087916666666666,88.22254285975195,5.41864506775407e-10,0.22907446644152893,2.16121808497111,4.344941269934944,0.07853978075154622,0.02488838658730189,0.9727885096867879,0.044179413934548696,0.9565565954844157,0.21870446312427522,0.7159942864576976,0.15538303949038187,0.7159942864576976,0.24883438534736632,0.826450067838033,0.014474765083690484,0.5866608737309774,0.29490206522941587,0.7930245809555053,qkv,barrage,2.0,3
240000,57598,0.23999166666666666,99.85503807856655,5.57621697077829e-10,0.11025816986624266,1.2854438451131185,4.232397605496178,0.0885549560953776,0.04667393630544345,0.957113270441691,0.08287741352319718,0.9330205494562784,0.3648611708799998,0.354533786992232,0.24726686839262643,0.354533786992232,0.2611251119931539,0.5677479725678761,0.03177139648497105,0.5080217614968617,0.4986595931371053,0.6344142082532247,qkv,barrage,6.0,3
240000,91073,0.3794708333333333,126.49049233766137,6.155799258514787e-10,0.05355823675032234,0.588466639582316,3.9661372195438167,0.1146171851196289,0.10093472481568655,0.9441412512461345,0.18011034251054128,0.9159678158760071,1.0754268583933513,0.08664100123445193,0.750325739065806,0.08664100123445193,0.7165432554562886,0.3570414614677429,0.0752242933233579,0.4533118901252747,1.3220633951822918,0.523630166610082,qkv,barrage,10.0,3
240000,776,0.0032333333333333333,48.81182535926358,5.355036087906112e-10,0.680035328423833,2.852708353169759,4.408878838282608,0.07330675854492187,0.011230399546523889,0.998172766049703,0.020810281977057456,0.9974654219945271,0.2473743838787079,0.9916264157295227,0.2094620795885722,0.9916264157295227,0.5085327315012614,0.9961163824399313,0.0037638276608039935,0.8730806353886922,0.28846357893943786,0.9920069230397542,qkv,barrage,-10.0,4
240000,1517,0.006320833333333334,60.65152102440119,5.36011062158735e-10,0.5760887860693403,2.814492632039388,4.403187035400555,0.07376939780680339,0.012632525365054607,0.994756280263265,0.023058809770147005,0.9922227482795716,0.23115266869862874,0.9752642723719279,0.19100994832515716,0.9752642723719279,0.4441394057909648,0.9883616064389547,0.004857091977447272,0.7879295701980591,0.2744466406027476,0.975335640112559,qkv,barrage,-6.0,4
240000,5354,0.022308333333333333,75.63560383991958,5.373874406962537e-10,0.4113798601736613,2.664579787190755,4.3876027458651565,0.07506076580810547,0.01614073547869921,0.9866455547014872,0.02894761037627856,0.9790404500961304,0.21124549396832784,0.9166307833989461,0.16505921981334687,0.9166307833989461,0.34429275794029235,0.9541468850771586,0.007603329677383105,0.6873225370248158,0.2625970804373423,0.9207065936724345,qkv,barrage,-2.0,4
240000,21710,0.09045833333333334,87.98326295616016,5.417665824833752e-10,0.23198544587782996,2.1604521926879885,4.34491261110838,0.07857689407348632,0.024891904483238855,0.9729412682851155,0.04418536520799001,0.9568896141052247,0.2189935200214386,0.7149853321711223,0.15565966132481893,0.7149853321711223,0.24955236209233603,0.8233251130580902,0.014501696827510993,0.5902002719243368,0.2952484863758087,0.7929907550811768,qkv,barrage,2.0,4
240000,57550,0.23979166666666665,99.5831882614648,5.576654140741116e-10,0.11334833186714885,1.2875003550211588,4.232241776988367,0.08866929099527995,0.04667895100315412,0.9572753376960754,0.08288724830150604,0.9335100452105204,0.36543518697420757,0.3541017472843329,0.2477970429579417,0.3541017472843329,0.2623571043968201,0.5649216460386912,0.03182981733083725,0.5124958768685659,0.49930249201456706,0.6360977563858032,qkv,barrage,6.0,4
240000,90689,0.3778708333333333,125.82928007447806,6.153048884785963e-10,0.05840114511842511,0.5974996842702229,3.965893338753237,0.11471726204427084,0.10094124496777852,0.9442799431482951,0.18012887128988903,0.916616498152415,1.076398602104187,0.09031156968077024,0.7511715675354004,0.09031156968077024,0.7190566862742106,0.3611487001578013,0.07535641486644745,0.4581528395016988,1.3236198786417643,0.5265671742359798,qkv,barrage,10.0,4
240000,930,0.003875,46.1456897510313,5.355740097949861e-10,0.7014576948734474,2.846443217976888,4.408340164789376,0.07312580858357748,0.011180283823112647,0.9987242298126221,0.020858750186363857,0.9964248657226562,0.2509813890775045,0.9887679268519084,0.21288613034884135,0.9887679268519084,0.5276887667338054,0.9945507656733195,0.0036370082539816696,0.8903170285224915,0.2921150638580322,0.9905020453135173,qkv,partial_band,-10.0,0
240000,4737,0.0197375,56.27318357184598,5.364256029635139e-10,0.6168249741144319,2.7285312088012694,4.401260870247785,0.0734809961344401,0.012499679490427176,0.9952056175867716,0.02324356076816718,0.9864776136080424,0.24637726085980732,0.9525608879725138,0.20567923006216685,0.9525608879725138,0.5061928992589315,0.9706448256174723,0.00453838835246861,0.8144038933118184,0.28980694953600566,0.9616933236122132,qkv,partial_band,-6.0,0
240000,31778,0.13240833333333332,69.99652623172238,5.388700098736071e-10,0.4792158085100967,2.0508784805297853,4.380545922474484,0.0746402836710612,0.015784666799008848,0.9850198240280151,0.029662014230092366,0.9586418081919352,0.2788872406164805,0.7589541412989298,0.23073910422325133,0.7589541412989298,0.5678919008890788,0.8208295294443766,0.00680254842042923,0.7208655743598938,0.3307843636830648,0.8478818570772807,qkv,partial_band,-2.0,0
240000,96481,0.40200416666666666,82.41309721719128,5.456985056683315e-10,0.3224338987076305,0.6280671037038167,4.320127880950968,0.0785033791809082,0.023942793754736583,0.9647144635518392,0.04671347988049189,0.9090193066596984,0.5163227190335592,0.3080262478441,0.4448795085430145,0.3080262478441,1.0927619430541993,0.5626340449651083,0.01248985430598259,0.6249524625142415,0.5883302286783855,0.6509008979002635,qkv,partial_band,2.0,0
240000,118418,0.49340833333333334,92.57156702353099,5.679741073964291e-10,0.19326885493697438,0.06612802242835362,4.155762653863326,0.09313263212076824,0.04419217035770416,0.9379802219072978,0.09082348775466283,0.8554993848800659,1.6397492338816324,0.06170479996005694,1.4866196279525756,0.06170479996005694,3.6251311243693034,0.49347729853789013,0.026775709491968155,0.5421919233004252,1.741082905960083,0.5015809880892436,qkv,partial_band,6.0,0
240000,119857,0.49940416666666665,111.11241258451884,6.736121831719409e-10,0.09736022315155989,0.013614051226774851,3.782099893917763,0.13247486755371093,0.09453719524939855,0.9137380334536235,0.20256663250923157,0.817562260945638,6.2134759188334145,-0.009919029633204143,5.7610487449646,-0.009919029633204143,14.224837003072103,0.48288530894120535,0.06266013859510422,0.4804246874650319,6.3009194613138835,0.4322959826389949,qkv,partial_band,10.0,0
240000,2359,0.009829166666666667,50.64311057471639,5.353117557192168e-10,0.6649487683242108,2.809002112833659,4.408621804050936,0.07356841077677409,0.011218872597813605,0.9986404193242391,0.020943373158574103,0.9960534861882527,0.25336953075726826,0.9833605535825094,0.21566628138224284,0.9833605535825094,0.5145508534431458,0.9873547075589498,0.003902718348801136,0.8652486125628154,0.29694127655029295,0.9817215827306112,qkv,partial_band,-10.0,1
240000,15583,0.06492916666666666,62.9163038012108,5.356257916427421e-10,0.5554839889045179,2.46906897277832,4.402753455958852,0.07429355360921223,0.01259851953635613,0.9954059648513794,0.023474913681546847,0.9860295503934224,0.25933671655654905,0.909528548558553,0.21958367109298707,0.909528548558553,0.5029531491915384,0.9143459264437358,0.00520648294625183,0.7798825117746989,0.31208993810017904,0.9188872531255087,qkv,partial_band,-6.0,1
240000,71297,0.29707083333333334,76.82650772549533,5.370114157822404e-10,0.40532747310987766,1.212531442896525,4.387069527451879,0.07589651724243164,0.01603634617080291,0.9868610445658366,0.03026146662632624,0.9604284437497457,0.3323304948488871,0.5928999950885773,0.28655673085848493,0.5928999950885773,0.6438932206789653,0.6752422860463461,0.00848177383641402,0.6813220891952515,0.41639346721967063,0.7543638005256653,qkv,partial_band,-2.0,1
240000,116364,0.48485,87.87263720455505,5.416976576412575e-10,0.26321701004251197,0.1631698938290278,4.343941328790759,0.07975970194498698,0.024573035858074823,0.9709722151756287,0.0482335070669651,0.9187388129234314,0.6994959461212158,0.17217108102639517,0.6349572371164958,0.17217108102639517,1.4212212555567423,0.4998906403382619,0.01670953854173422,0.5873849225044251,0.8626674114545186,0.5910636973381043,qkv,partial_band,2.0,1
240000,119970,0.499875,98.37482332403161,5.716333278532014e-10,0.1681240821307922,0.04544440339803696,4.227482766054027,0.09100120919799805,0.04574848290880521,0.9509078262646993,0.09475406560500463,0.8765146153767903,2.202871690495809,0.03514322300752004,2.074045818201701,0.03514322300752004,4.626005491383871,0.4791117421388626,0.03737770823438962,0.5120493066310883,2.5781074584960937,0.5001189506848653,qkv,partial_band,6.0,1
240000,120097,0.5004041666666666,123.36637554383147,7.623879298253752e-10,0.10169490281827866,0.009919084421793619,3.9540421591500894,0.11951737516276041,0.09836178506215414,0.932951935450236,0.21295088109175364,0.8474094398816426,7.995975479125977,-0.004015072882175445,7.605113344319661,-0.004015072882175445,17.055218094889323,0.469403223156929,0.08929532651106517,0.45877514759699506,9.061049187723796,0.4607065003712972,qkv,partial_band,10.0,1
240000,4819,0.020079166666666665,50.815808565582415,5.352323152598873e-10,0.6635609038313242,2.746582029724121,4.409146801915302,0.07377857843017578,0.011387790330747763,0.9975634016990662,0.02090053053200245,0.9933749051094055,0.2553142324765523,0.971123912970225,0.21778630693753562,0.971123912970225,0.5144303042411804,0.9746906782786051,0.003911908020824194,0.867821266969045,0.29904677128791807,0.9704072049458822,qkv,partial_band,-10.0,2
240000,31896,0.1329,63.11592441429408,5.357159097676073e-10,0.5541827729944075,2.090474877421061,4.404072856609237,0.07465018710327148,0.013025137960910798,0.991873956044515,0.02353125275572141,0.9758355801900228,0.2789740219593048,0.8318763478597005,0.2396589818795522,0.8318763478597005,0.5483624684651692,0.8425474842389424,0.005228926725188891,0.7838300043741862,0.33405387552579247,0.8717927581469218,qkv,partial_band,-6.0,2
240000,98184,0.4091,77.63262009588256,5.378497265052586e-10,0.4029199501920173,0.607441388575236,4.390778800973845,0.07629630308024088,0.017115110540390013,0.9778033366203308,0.03091481807132562,0.932821221669515,0.43084291137059527,0.41052510209878285,0.3863272549788157,0.41052510209878285,0.8873956116994222,0.5792890034516652,0.008537136307358742,0.6864627200762431,0.5205633347829183,0.680256462097168,qkv,partial_band,-2.0,2
240000,119594,0.49830833333333335,89.68074667053543,5.504237543915995e-10,0.2617793718410983,0.0801526646455129,4.355595208902315,0.07915900384521485,0.02730093149940173,0.9537367995580037,0.051172808355093004,0.8690440128644308,1.070043960762024,0.10427926289041838,1.0097281310399373,0.10427926289041838,2.3142281630198163,0.4888950245380402,0.016846996039152146,0.5928906892140706,1.2321532971700033,0.5327486565907796,qkv,partial_band,2.0,2
240000,119999,0.4999958333333333,97.40740943134968,6.427135268920051e-10,0.17129111714918854,0.06686450033982595,4.262364529990477,0.08575878356933593,0.05263969569802284,0.9258618790308635,0.10470076461235682,0.8121762664318085,3.357370278676351,0.028240843961636227,3.2463776704152427,0.028240843961636227,7.3998884600321455,0.4803039608796438,0.03772044001817703,0.5166220880349477,3.6775638085683187,0.4601253790855408,qkv,partial_band,6.0,2
240000,120005,0.5000208333333334,109.53931228070121,1.0829209287696098e-09,0.1042945913607059,0.0395320721189181,4.037587940424496,0.1042743995666504,0.11574117163817088,0.902740804195404,0.24189423689842224,0.7775434054533641,11.0440794728597,0.0005870216290156046,10.754439139302571,0.0005870216290156046,24.47044624125163,0.4749542460441589,0.09015219386021296,0.4618106219768524,11.764569360351562,0.4301291002035141,qkv,partial_band,10.0,2
240000,2597,0.010820833333333333,50.704976481964714,5.352880264599577e-10,0.6644290163380705,2.804093741353353,4.408707558114652,0.07352473745727539,0.011248980972667535,0.9985791215896607,0.020947824386755624,0.9960970079104106,0.25443017883300784,0.9828370711008708,0.21666132419904074,0.9828370711008708,0.515224047311147,0.9871288839975992,0.003911929844071468,0.8657784716288248,0.2974898059527079,0.981552717367808,qkv,partial_band,-10.0,3
240000,17285,0.07202083333333334,63.1149374089781,5.357353821806691e-10,0.5533025487408667,2.4243799626668294,4.4025961927199475,0.07421847114054363,0.012678757491211097,0.9952451985677083,0.023501674378911656,0.9859936717351278,0.2641104939301809,0.902533569018046,0.22412093501091004,0.902533569018046,0.5093663152058919,0.9081127236684163,0.005228389348089695,0.7810462940533955,0.3154946224371592,0.9147393387158712,qkv,partial_band,-6.0,3
240000,77271,0.3219625,77.18243572719658,5.373751367998606e-10,0.3986726718572069,1.0823519007364908,4.385441933026347,0.07584950044759114,0.016250913545489312,0.9866737405459086,0.030360426145792006,0.9597285734812419,0.3575326089700063,0.5596591950257619,0.3106060254573822,0.5596591950257619,0.685030330880483,0.6615386058489482,0.008534847591072321,0.6832463542620341,0.4366010546048482,0.7427518300215403,qkv,partial_band,-2.0,3
240000,117774,0.490725,87.7002603858664,5.457339351578926e-10,0.2520649956175418,0.1318984591404597,4.336308823165334,0.08037588046264649,0.025147391886512438,0.9714095527331035,0.048538120194276176,0.9159976247151693,0.8344409622828166,0.14819413457314173,0.7634785945892334,0.14819413457314173,1.6352109022140502,0.4984541208744049,0.016839758964379628,0.5894984265963237,0.970809477297465,0.5723510841528575,qkv,partial_band,2.0,3
240000,119992,0.49996666666666667,94.17798032674948,6.187998937389263e-10,0.15171723919550187,0.07689457043011984,4.2060526394638655,0.09490680805460612,0.04727169587612152,0.9531869179407756,0.09558950125773748,0.8708601174354553,2.8411052391052247,0.02805116448799769,2.6847438566843667,0.02805116448799769,5.623286971791585,0.480801722129186,0.03769990361134211,0.5136958956718445,3.070754787826538,0.4800384827454885,qkv,partial_band,6.0,3
240000,119997,0.4999875,106.22349436651434,9.918020816458874e-10,0.08358229934052895,0.05647248026529948,3.9352053797870394,0.12710972324625652,0.10233860673904419,0.93772793896993,0.2150993432124456,0.8393885278701783,10.362936538696289,-0.007300389269987742,9.892104824320475,-0.007300389269987742,20.571583250935873,0.4747408819993337,0.09009687020778656,0.46020318094889323,10.726899568684896,0.43960432600975036,qkv,partial_band,10.0,3
240000,834,0.003475,46.21867354764468,5.354960095201377e-10,0.7008801807787338,2.8506464813232424,4.408057500796333,0.07333762860107422,0.011098114725450674,0.9984573876063029,0.02072725848754247,0.9969549706776937,0.25021361536979675,0.9904634739557902,0.21231170729001364,0.9904634739557902,0.5259925178527832,0.9959478998184204,0.0036451779536902902,0.8899115481376648,0.2913060741424561,0.9921154127120971,qkv,partial_band,-10.0,4
240000,3162,0.013175,56.45357519147318,5.360678084015194e-10,0.615159797391539,2.769475821431478,4.400542318146409,0.0739256790974935,0.01230251528819402,0.9940595188140869,0.02291725166141987,0.9881983472506205,0.24191865123112996,0.9616604321797689,0.20172558104197183,0.9616604321797689,0.4941587608655294,0.9786645792325338,0.004558673678711057,0.8132599407831828,0.2847551537036896,0.9698398410479228,qkv,partial_band,-6.0,4
240000,21024,0.0876,70.20836174751226,5.376155511008454e-10,0.47601807376032484,2.291806244913737,4.379078914780181,0.07560178787231445,0.015321440547207991,0.9811572341918945,0.02884192913969358,0.962748427549998,0.255251734050115,0.8120128574371338,0.2085473760843277,0.8120128574371338,0.500510040251414,0.8702551155090332,0.0068531286788483465,0.7186576934655508,0.3029401003519694,0.8825860915184021,qkv,partial_band,-2.0,4
240000,76895,0.3203958333333333,82.31047210072587,5.412218884491232e-10,0.31196577030060885,1.0527817536671957,4.320280629261791,0.08027502696736653,0.022872081763545674,0.9551017889976502,0.044691723404328025,0.915286211490631,0.40096951379776,0.4134193941553434,0.33484631423950195,0.4134193941553434,0.7652285124460856,0.6270352780024211,0.012616313341756662,0.6219386331240336,0.45243873788515726,0.7083670659065247,qkv,partial_band,2.0,4
240000,111433,0.4643041666666667,91.947415648149,5.513548573391606e-10,0.17151513376514754,0.26719311159451803,4.17647765292982,0.09357576869710287,0.0417292340417703,0.9205300923983256,0.08602215664386749,0.8616094962755839,1.0802255251566568,0.10630685789386432,0.9524739999453227,0.10630685789386432,2.0395765641530357,0.4990894932746887,0.027092420968413352,0.5392446328004201,1.095620879427592,0.5512645435333252,qkv,partial_band,6.0,4
240000,117195,0.4883125,110.73540246839246,5.995412177026356e-10,0.08002694897731327,0.10058452336390813,3.87735253351232,0.12311818575032552,0.08881607225338618,0.8893225180308024,0.19140664392312368,0.821985718568166,3.5948140004475913,-0.007700456952055295,3.242448298772176,-0.007700456952055295,6.898981168619792,0.4645795496702194,0.06345419157743454,0.4780830802122752,3.4525367132822673,0.46470490928490954,qkv,partial_band,10.0,4
