comm_loss,loss,sensing_loss,val_comm_loss,val_loss,val_sensing_loss,learning_rate
0.6934127807617188,0.8249533772468567,0.06576184928417206,0.6931512951850891,0.8212481141090393,0.06404497474431992,0.00033333332976326346
0.6933841109275818,0.8185350298881531,0.06256590783596039,0.6930935978889465,0.8184455633163452,0.06267313659191132,0.0006666666595265269
0.6896597743034363,0.8142503499984741,0.06225912645459175,0.5731538534164429,0.6980136632919312,0.0624229870736599,0.0010000000474974513
0.27827396988868713,0.4023157060146332,0.062026794999837875,0.2385142594575882,0.3627507984638214,0.0621117502450943,0.0010000000474974513
0.23007868230342865,0.3529943525791168,0.06144655868411064,0.2267882376909256,0.35071995854377747,0.06195981055498123,0.0009969573002308607
0.22743044793605804,0.349811315536499,0.061213988810777664,0.22583265602588654,0.34881120920181274,0.06148377060890198,0.0009878701530396938
0.22627222537994385,0.34835875034332275,0.061036497354507446,0.2254386842250824,0.3482910692691803,0.061420321464538574,0.0009728616569191217
0.22525174915790558,0.34706202149391174,0.060912929475307465,0.22636626660823822,0.3499804437160492,0.06180109456181526,0.0009521346655674279
0.224530890583992,0.3461518883705139,0.06081776320934296,0.2299089878797531,0.3523719310760498,0.06122509017586708,0.0009259695070795715
0.22383905947208405,0.3452896475791931,0.06071586161851883,0.22170910239219666,0.34545689821243286,0.06186867877840996,0.0008947200258262455
0.22255365550518036,0.34381818771362305,0.06063060462474823,0.22109238803386688,0.34539180994033813,0.06214422732591629,0.0008588087512180209
0.22103114426136017,0.34207549691200256,0.060548581182956696,0.22304488718509674,0.3455755114555359,0.06125985458493233,0.0008187213679775596
0.2197539061307907,0.3405769467353821,0.06041407212615013,0.21932221949100494,0.34243154525756836,0.06154952570796013,0.0007750000222586095
0.21932217478752136,0.33991652727127075,0.06029621139168739,0.21913501620292664,0.34194085001945496,0.06139788776636124,0.000728235871065408
0.21790465712547302,0.338397741317749,0.06022356450557709,0.2188577950000763,0.3419872224330902,0.06155986711382866,0.0006790614570491016
0.2172289937734604,0.33751752972602844,0.0601421482861042,0.2182552069425583,0.3419863283634186,0.061860520392656326,0.0006281416863203049
0.21684879064559937,0.3370313346385956,0.060095783323049545,0.21596315503120422,0.33931317925453186,0.06167023628950119,0.0005761651555076241
0.21593622863292694,0.3358938992023468,0.05997130647301674,0.21703875064849854,0.3398309350013733,0.06139121204614639,0.0005238348385319114
0.21543876826763153,0.3352513313293457,0.059901293367147446,0.21700169146060944,0.34043633937835693,0.06171252578496933,0.00047185830771923065
0.2151540368795395,0.3347581923007965,0.05979740992188454,0.21658018231391907,0.3408730924129486,0.06214161962270737,0.00042093853699043393
0.2140268236398697,0.33349743485450745,0.0597216933965683,0.21557645499706268,0.3396364748477936,0.062025249004364014,0.0003717640938702971
0.214094340801239,0.33340984582901,0.05964243784546852,0.21609525382518768,0.33940792083740234,0.061651561409235,0.00032500000088475645
0.21375277638435364,0.33291804790496826,0.05959007516503334,0.21517838537693024,0.3388215899467468,0.06181691959500313,0.00028127862606197596
0.21329744160175323,0.33234331011772156,0.05953296646475792,0.21494680643081665,0.3381786048412323,0.0616113655269146,0.00024119125737342983
0.21302913129329681,0.3319743573665619,0.059463273733854294,0.21567197144031525,0.33894628286361694,0.06163271889090538,0.00020527999731712043
0.21262674033641815,0.3315064013004303,0.05943514034152031,0.2149689942598343,0.33832576870918274,0.06167377158999443,0.00017403048695996404
0.21251221001148224,0.33135783672332764,0.059418510645627975,0.21485862135887146,0.33821406960487366,0.06167307496070862,0.00014786531392019242
0.2122148871421814,0.33093225955963135,0.05935804918408394,0.21469591557979584,0.338185578584671,0.06174003705382347,0.00012713832256849855
0.21192069351673126,0.33056148886680603,0.05933868885040283,0.215163916349411,0.3387281894683838,0.061777543276548386,0.00011212980462005362
0.21200989186763763,0.3305610716342926,0.05930408462882042,0.21495065093040466,0.33881592750549316,0.06192801892757416,0.0001030427374644205
