arch,jammer_model,in_channel,dwell_bursts,slot_duration_us,hop_rate_hz,jsr_db,ber,ber_std,ber_sem,ber_ci_lo,ber_ci_hi,ber_min,ber_max,ber_q05,ber_q95,jammed_fraction,n_realizations
qkv,follower,cw,1,10.0,100000.0,6.0,0.15697999999999998,0.0012331869282473011,0.0005514979601050241,0.15589908386064683,0.15806091613935314,0.15555,0.1582,0.15559,0.15810000000000002,0.0,5
qkv,follower,cw,2,20.0,50000.0,6.0,0.15553999999999998,0.0026798787285994808,0.0011984782017208297,0.15319102588837083,0.15788897411162914,0.1532,0.1599,0.15326,0.15907,0.0,5
qkv,follower,cw,4,40.0,25000.0,6.0,0.29192,0.07861129530798995,0.035156040021595156,0.2230154277186248,0.3608245722813752,0.1513,0.3276,0.18625,0.32756,0.5,5
qkv,follower,cw,8,80.0,12500.0,6.0,0.3606,0.11784505186896903,0.052701909358200676,0.25730615574143223,0.4638938442585677,0.1498,0.4145,0.20221,0.41437999999999997,0.75,5
qkv,follower,cw,16,160.0,6250.0,6.0,0.39692,0.135190012574894,0.060458811599302865,0.27842290671727393,0.515417093282726,0.15515,0.45965,0.21451,0.45953,0.875,5
qkv,sweep,cw,1,10.0,100000.0,6.0,0.18857,0.019615446719358706,0.00877229445470226,0.17137661880700314,0.20576338119299684,0.1538,0.19975,0.16161,0.19953,0.12492,5
qkv,sweep,cw,2,20.0,50000.0,6.0,0.1904,0.0204704359992649,0.009154657284683029,0.17245720143121404,0.208342798568786,0.15405,0.20225,0.16236,0.20196,0.1256,5
qkv,sweep,cw,4,40.0,25000.0,6.0,0.19241,0.01897786210298726,0.008487157945979325,0.1757754760947776,0.2090445239052224,0.1587,0.20305,0.16649,0.20301,0.12732,5
qkv,sweep,cw,8,80.0,12500.0,6.0,0.19187000000000004,0.019584387914867288,0.008758404535073724,0.17470384254922328,0.2090361574507768,0.1577,0.20595,0.1652,0.20539,0.12552000000000002,5
qkv,sweep,cw,16,160.0,6250.0,6.0,0.19466,0.017508012451446335,0.007829821198469348,0.17931383244561183,0.21000616755438817,0.16555,0.20735,0.17065,0.2071,0.1288,5
