n_sym,n_err,ber,mse_tau,mse_fd,corr_tau,margin_mean,attn_entropy,attn_maxw,mc_bilstm_1_energy,mc_bilstm_1_cos,dropout_mc_energy,dropout_mc_cos,shared_gap_energy,shared_gap_cos,mc_proj_energy,mc_proj_cos,sensing_delay_profile_energy,sensing_delay_profile_cos,sensing_features_energy,sensing_features_cos,arch,jammer,jsr_db,ber_std,ber_sem,ber_ci_lo,ber_ci_hi,ber_q05,ber_q95,margin_mean_std,realization,n_realizations
240000.0,419.0,0.0017458333333333334,35.51944674579355,5.356901162987739e-10,0.780353254333099,2.9012049814860026,,,0.0029404020592570307,1.0,0.0029404020592570307,1.0,0.0007437139833035569,1.0,0.01029043005555868,1.0,0.003040807604479293,1.0,0.00966538499792417,1.0,mc_dlsk,clean,,,,,,,,,,
240000.0,2414.8,0.010061666666666667,44.54345970121601,5.367691252578408e-10,0.7140122577352905,2.8347407474772135,,,0.0031285131092121206,0.9781416630744934,0.0031285131092121206,0.9781416630744934,0.0007280068675552807,0.9781416630744934,0.009708891844948133,0.9818277115186055,0.0037805164329707624,0.894171955426534,0.01023881124128898,0.9745265477498373,mc_dlsk,cw,-10.0,0.005258709310383215,0.002629354655191607,0.004908226239908386,0.015215107093424947,0.0028916666666666665,0.016215833333333332,0.040170713969400265,2.0,5.0
240000.0,15406.2,0.0641925,52.642966348009836,5.401260194082024e-10,0.6493048208576837,2.484345108083089,,,0.003460089050283034,0.8908582460721334,0.003460089050283034,0.8908582460721334,0.0007589529766514897,0.8908582460721334,0.00986399428953727,0.9019453423182171,0.004897238266691565,0.8282306956609091,0.011297808813552062,0.9314684564590454,mc_dlsk,cw,-6.0,0.03830822759393717,0.019154113796968585,0.026651126802159843,0.10173387319784016,0.010866666666666667,0.10801166666666666,0.24344145497900213,2.0,5.0
240000.0,64618.0,0.26924166666666666,64.37872089708124,5.578566583839459e-10,0.5455810721239533,1.354417867126465,,,0.004481521012584368,0.6236745968023936,0.004481521012584368,0.6236745968023936,0.001056649586353451,0.6236745968023936,0.014264314121305943,0.6674547186215719,0.007701360996713241,0.7484893709182739,0.014763857419689497,0.837824816338221,mc_dlsk,cw,-2.0,0.13846561300955235,0.06923280650477617,0.133547859368675,0.40493547396465834,0.05944916666666668,0.3955358333333333,0.7708086253832325,2.0,5.0
240000.0,100348.2,0.4181175,79.02370234441906,6.431728011362959e-10,0.4028020693143569,0.48686265919605887,,,0.007738650894214711,0.3073156822567185,0.007738650894214711,0.3073156822567185,0.0026047223924410843,0.3073156822567185,0.04031835169578592,0.4821285780827205,0.0147434842517972,0.6650699465115866,0.02658827740043402,0.6964459681193034,mc_dlsk,cw,2.0,0.1516964524643796,0.07584822623218979,0.2694577082936619,0.5667772917063381,0.1885575,0.49902749999999996,0.8178738514115845,2.0,5.0
240000.0,115814.4,0.48256,100.21727293883148,9.266475985889848e-10,0.24375868508514134,0.13611654201030732,,,0.016770619446635247,0.12012261296858391,0.016770619446635247,0.12012261296858391,0.007890642953800658,0.12012261296858391,0.13805484392995634,0.3885296543200811,0.03243009759187698,0.5887545147260029,0.06243832328577836,0.560317708015442,mc_dlsk,cw,6.0,0.03488,0.01744,0.44837822810962147,0.5167417718903785,0.43024,0.5,0.2906014450252344,2.0,5.0
240000.0,119889.0,0.4995375,131.61224431042893,1.2838183893028262e-09,0.11550044604993101,0.03081207394401233,,,0.035352174480557434,0.04524850577935577,0.035352174480557434,0.04524850577935577,0.019770742126802604,0.04524850577935577,0.373262310782224,0.35344163509209947,0.07685305742820105,0.5265377825260162,0.1453030828535557,0.4731764441649119,mc_dlsk,cw,10.0,0.000924999999999998,0.00046249999999999894,0.49863101665715026,0.5004439833428498,0.49815,0.5,0.09348705875483672,2.0,5.0
240000.0,659.8,0.0027491666666666663,48.32410890150224,5.363617127121062e-10,0.6839406617987273,2.8876936577351886,,,0.0031233049879968167,0.9879875749270122,0.0031233049879968167,0.9879875749270122,0.0007210156491460899,0.9879875749270122,0.009529790332516035,0.9939053942362468,0.0037626691158115866,0.8728479694366456,0.010249842960834504,0.976203946018219,mc_dlsk,barrage,-10.0,9.40005910146905e-05,4.700029550734524e-05,0.00265704778020953,0.0028412855531238027,0.0026433333333333335,0.002873333333333333,0.00035722041443990194,2.0,5.0
240000.0,1257.6,0.00524,60.087194600609884,5.373974716398731e-10,0.581539140141452,2.856836241353353,,,0.0034123187930881977,0.9616545921007791,0.0034123187930881977,0.9616545921007791,0.0006968592417115967,0.9616545921007791,0.008545228151082992,0.9798425242424011,0.004854891304075718,0.7872440984725952,0.011213557580212752,0.942798202641805,mc_dlsk,barrage,-6.0,0.0001527888884848778,7.63944442424389e-05,0.005090269640665866,0.005389730359334133,0.005078333333333333,0.0054575,0.0005923663638254492,2.0,5.0
240000.0,4342.2,0.0180925,74.86615892704882,5.406810765671554e-10,0.4214380451241575,2.721348613688151,,,0.00418504498206079,0.8592468421300252,0.00418504498206079,0.8592468421300252,0.0006782252704662581,0.8592468421300252,0.006742828880151113,0.9226145158449809,0.007598926385988791,0.6860972866535187,0.013843133950630823,0.8733784194310508,mc_dlsk,barrage,-2.0,0.00030201177313328556,0.00015100588656664278,0.01779653390087584,0.018388466099124163,0.0176275,0.01832,0.0009726431349402156,2.0,5.0
240000.0,19128.4,0.07970166666666666,86.7494705557977,5.542490640045469e-10,0.24651197098484084,2.214806800638835,,,0.0062601041647295155,0.5787013691902161,0.0062601041647295155,0.5787013691902161,0.0007971158618293704,0.5787013691902161,0.004580246036748091,0.726992127943039,0.014492418402830762,0.5885738632202149,0.020894607140819234,0.7702258400758107,mc_dlsk,barrage,2.0,0.0005479038338167669,0.0002739519169083834,0.07916473077603052,0.0802386025573028,0.07890666666666667,0.08025083333333333,0.0015508223019722784,2.0,5.0
240000.0,54820.8,0.22841999999999998,96.5427341027026,6.049024390363069e-10,0.12206902456923745,1.30111247756958,,,0.011357538082997005,0.2576097983087102,0.011357538082997005,0.2576097983087102,0.0014929670460894703,0.2576097983087102,0.0038171822764227785,0.4195208531141281,0.031809335786302885,0.5104707058906556,0.03771189782977104,0.6753491482893625,mc_dlsk,barrage,6.0,0.0004096780578833982,0.0002048390289416991,0.22801852288064609,0.22882147711935388,0.22796916666666667,0.22899083333333334,0.0020404779106500204,2.0,5.0
240000.0,90137.4,0.3755725,115.68996705472966,7.88319609722521e-10,0.05949930989380363,0.5677235014724731,,,0.021553473558823266,0.07284584430058796,0.021553473558823266,0.07284584430058796,0.0034832816219329834,0.07284584430058796,0.006204892843812704,0.23545475083986916,0.07530944391409557,0.4558779484907786,0.07184057150125504,0.6050703272978464,mc_dlsk,barrage,10.0,0.0007617168108949671,0.00038085840544748356,0.37482603124211356,0.3763189687578864,0.3745691666666667,0.376535,0.00306353860089994,2.0,5.0
240000.0,1677.8,0.006990833333333332,48.23293788260638,5.363701917013919e-10,0.684713548651775,2.8558978978474934,,,0.0030959303910036884,0.9871519896189371,0.0030959303910036884,0.9871519896189371,0.0007273127934522927,0.9871519896189371,0.009692006838321684,0.989878849474589,0.0038017484842737515,0.8758153855641682,0.010232896615266801,0.9754056328455606,mc_dlsk,partial_band,-10.0,0.003833972229366764,0.0019169861146833816,0.0032336095896905353,0.010748057076976129,0.003548333333333333,0.012642499999999997,0.029193454914545034,2.0,5.0
240000.0,9293.8,0.03872416666666667,59.91179756652308,5.377533917709979e-10,0.5850702070590641,2.6378975845336914,,,0.0033689926252017423,0.9414800357182822,0.0033689926252017423,0.9414800357182822,0.0007304415714740754,0.9414800357182822,0.009368403232296308,0.9452800271670023,0.004952172210142017,0.7944845288594563,0.011291941495637097,0.9373800724665324,mc_dlsk,partial_band,-6.0,0.025924102014877538,0.012962051007438769,0.013319013526315565,0.06412931980701778,0.01578,0.07704416666666665,0.1649308468836531,2.0,5.0
240000.0,44530.8,0.18554500000000002,74.85499772127496,5.43326071689858e-10,0.435839040619712,1.774826634674072,,,0.004188014762202898,0.7654228864828745,0.004188014762202898,0.7654228864828745,0.0008458301912434398,0.7654228864828745,0.010779969819684824,0.7665082544485727,0.007841886966824531,0.6981108862717946,0.01456913068662087,0.8559392494837443,mc_dlsk,partial_band,-2.0,0.08704019180176989,0.043520095900884945,0.1002471794305363,0.27084282056946374,0.09597416666666667,0.3080775,0.48007024437391055,2.0,5.0
240000.0,99531.2,0.4147133333333334,88.41239947895856,5.667907844744155e-10,0.27294782922643196,0.5411500358589489,,,0.006565083748300869,0.45095719836254916,0.006565083748300869,0.45095719836254916,0.001481182413958013,0.45095719836254916,0.020882416748603184,0.5139927439928055,0.015100492238601049,0.603333026790619,0.024097233495513598,0.7486278128782907,mc_dlsk,partial_band,2.0,0.060971312607742925,0.03048565630387146,0.35496254493267887,0.4744641217339879,0.33450833333333335,0.48379333333333335,0.3810614121244544,2.0,5.0
240000.0,118568.4,0.49403500000000006,99.66996353149156,6.619114934087638e-10,0.14501300714000226,0.05915077440301577,,,0.012356797470053037,0.2204055170128743,0.012356797470053037,0.2204055170128743,0.0035893134515980877,0.2204055170128743,0.05439581783095996,0.41620213159720104,0.03333323646485805,0.5247607692877452,0.04726633122881254,0.6531299359798431,mc_dlsk,partial_band,6.0,0.007756972043122093,0.0038784860215610464,0.4864333070831984,0.5016366929168018,0.48208,0.49984666666666666,0.09655275784105564,2.0,5.0
240000.0,119849.4,0.49937250000000005,117.33836877280862,9.088044970980957e-10,0.069054585306732,-0.0013806767360369358,,,0.023449395258227985,0.11306337751150133,0.023449395258227985,0.11306337751150133,0.00840295403410991,0.11306337751150133,0.12776271775484085,0.38538202768961594,0.07913174415032069,0.4678593436400096,0.09453898979425429,0.5768115365505219,mc_dlsk,partial_band,10.0,0.0011894548237649702,0.0005947274118824851,0.49820685569209167,0.5005381443079084,0.49757,0.5,0.03246491489713488,2.0,5.0
