n_sym,n_err,ber,mse_tau,mse_fd,corr_tau,margin_mean,attn_entropy,attn_maxw,mc_bilstm_1_energy,mc_bilstm_1_cos,dropout_mc_energy,dropout_mc_cos,shared_gap_energy,shared_gap_cos,mc_proj_energy,mc_proj_cos,sensing_delay_profile_energy,sensing_delay_profile_cos,sensing_features_energy,sensing_features_cos,arch,jammer,jsr_db,realization
240000,2936,0.012233333333333334,43.07633719946759,5.37854251455638e-10,0.7265096509673784,2.8193802942911783,,,0.0032800566346695027,0.9590584341684977,0.0032800566346695027,0.9590584341684977,0.0007213905159384012,0.9590584341684977,0.009633908957242966,0.964544663588206,0.0036916979396094877,0.9075950716336568,0.010512671418984732,0.9669014143943787,mc_dlsk,cw,-10.0,0
240000,19802,0.08250833333333334,50.80578383563253,5.447902677256002e-10,0.6670756597735734,2.3729189628601075,,,0.003875594887509942,0.7925974335670471,0.003875594887509942,0.7925974335670471,0.0007904617114303013,0.7925974335670471,0.010406887152294318,0.8303071586290995,0.00466533141049246,0.849376594543457,0.012088496702412764,0.9061791647275289,mc_dlsk,cw,-6.0,0
240000,82431,0.3434625,62.091171595459635,5.813189196000446e-10,0.5665048775590494,0.9904549533843994,,,0.0056437574143211044,0.3862394938468933,0.0056437574143211044,0.3862394938468933,0.0013352067208538452,0.3862394938468933,0.01811648855706056,0.53626500415802,0.007104882461329301,0.776332479317983,0.017088030751546225,0.793468780597051,mc_dlsk,cw,-2.0,0
240000,119028,0.49595,74.97660687871696,7.499955530632728e-10,0.4207073544390269,0.10696174470186233,,,0.01081636465738217,0.08431335606674353,0.01081636465738217,0.08431335606674353,0.0038149506454666455,0.08431335606674353,0.058311977086464566,0.38289404567082724,0.013223080898324649,0.6962006100018819,0.033414911637703576,0.6379103921254476,mc_dlsk,cw,2.0,0
240000,120000,0.5,94.41085790036273,1.245784297978007e-09,0.2526232222984191,0.006747131450970968,,,0.023937473422288896,-0.03599316612134377,0.023937473422288896,-0.03599316612134377,0.011358304841816425,-0.03599316612134377,0.2093031178553899,0.3369780910809835,0.028575963977972667,0.6188106152216594,0.08335039672056833,0.489135778983434,mc_dlsk,cw,6.0,0
240000,120000,0.5,119.81266372034305,1.8310210697669315e-09,0.12385915503040137,-0.0010932239810625712,,,0.04902274809281031,-0.07954189042498667,0.04902274809281031,-0.07954189042498667,0.026317730667193732,-0.07954189042498667,0.5729316909472147,0.3183087887763977,0.06711635673046112,0.5521173470020294,0.19835379994710287,0.39912602869669594,mc_dlsk,cw,10.0,0
240000,1578,0.006575,42.09543736018138,5.367502858591821e-10,0.733040928455657,2.861259515889486,,,0.0031311402928084135,0.9768035222689311,0.0031311402928084135,0.9768035222689311,0.0007247601620852947,0.9768035222689311,0.009786022986471653,0.9801268911361695,0.0035756337138513725,0.9136678876876831,0.0102151853064696,0.9784110520680745,mc_dlsk,cw,-10.0,1
240000,9844,0.04101666666666667,48.57881310523733,5.410249498208246e-10,0.6852304499321424,2.623185326131185,,,0.0034813794060299793,0.8802221312522888,0.0034813794060299793,0.8802221312522888,0.0007593685937734942,0.8802221312522888,0.01014151779860258,0.8950069939295451,0.004384493881339828,0.8558185243606568,0.011273854009310405,0.9358234969774882,mc_dlsk,cw,-6.0,1
240000,56947,0.23727916666666668,59.255775399896336,5.702411977813159e-10,0.6003677854301157,1.5394939450581868,,,0.004635175253947576,0.5169915030797323,0.004635175253947576,0.5169915030797323,0.001123466134381791,0.5169915030797323,0.015508410915732384,0.6242536900838216,0.006416413079202175,0.7817707236607869,0.014886765779058139,0.837241969426473,mc_dlsk,cw,-2.0,1
240000,115925,0.48302083333333334,73.95342288035509,7.416949334143121e-10,0.46537178419029646,0.21225376195112863,,,0.00891882851421833,0.12225589531411728,0.00891882851421833,0.12225589531411728,0.003350462719673912,0.12225589531411728,0.049926660790046054,0.40075115954875945,0.011520607976118723,0.6993981294631958,0.02865253291229407,0.6731336680253347,mc_dlsk,cw,2.0,1
240000,120000,0.5,100.45370385040017,1.4145135493330273e-09,0.31207829957142474,0.0025718080202738443,,,0.022422971120476722,-0.03227433849374453,0.022422971120476722,-0.03227433849374453,0.011880924077828725,-0.03227433849374453,0.2029867923339208,0.3484149763981501,0.024342153628667196,0.6195170605977376,0.07750096901655197,0.4968590931892395,mc_dlsk,cw,6.0,1
240000,120000,0.5,131.05691361301328,2.0680226056026565e-09,0.1655115071702076,-0.0024504385272661844,,,0.04654167812466621,-0.08009787979225318,0.04654167812466621,-0.08009787979225318,0.027589534296592076,-0.08009787979225318,0.549094907061259,0.3245433666308721,0.05654903482198715,0.550866704305013,0.18431229821046194,0.40415130988756814,mc_dlsk,cw,10.0,1
240000,473,0.001970833333333333,43.69392991160014,5.362967712379785e-10,0.7204586475994371,2.8966716064453126,,,0.003037070850407084,0.9948757546742757,0.003037070850407084,0.9948757546742757,0.0007193402737379074,0.9948757546742757,0.009660661449035008,0.9977879241307577,0.0037060296124468246,0.8917619307835897,0.010000664325555166,0.9819818913141887,mc_dlsk,cw,-10.0,2
240000,799,0.0033291666666666665,51.333839665685204,5.375752902498164e-10,0.6595285740384756,2.8789237263997394,,,0.0031921614305426677,0.9776172342300415,0.0031921614305426677,0.9776172342300415,0.0006911731081083417,0.9776172342300415,0.008819174496332804,0.9896457680066426,0.0047134544273217515,0.8225158476829528,0.010520388835171859,0.9563591988881429,mc_dlsk,cw,-6.0,2
240000,3598,0.014991666666666667,62.52929378220767,5.437575169058575e-10,0.5591187058507907,2.762832615661621,,,0.0036266434638450545,0.8879509240786234,0.0036266434638450545,0.8879509240786234,0.000663943031647553,0.8879509240786234,0.007232074462870757,0.9383891084988912,0.007244976444542408,0.7389052596092224,0.011869570339222748,0.8977123591105143,mc_dlsk,cw,-2.0,2
240000,27586,0.11494166666666666,76.5463738039153,5.751499977900439e-10,0.413629085439669,2.114964719645182,,,0.0049289972645541035,0.5785456349849701,0.0049289972645541035,0.5785456349849701,0.0008100900437993308,0.5785456349849701,0.0056114588710169,0.7150896635055543,0.013605434208114942,0.6528403897285462,0.01557099221398433,0.7915707608858744,mc_dlsk,cw,2.0,2
240000,99072,0.4128,94.31060146847946,6.713655944266707e-10,0.2363333997207881,0.7167831298828125,,,0.008605511645476023,0.21115143157541752,0.008605511645476023,0.21115143157541752,0.0017659279964243372,0.21115143157541752,0.006177854416519403,0.3908486353556315,0.029584656557440758,0.5761930940151214,0.025101491275429724,0.6792169079780579,mc_dlsk,cw,6.0,2
240000,119445,0.4976875,126.44667953110991,9.20250689037665e-10,0.09208736628271566,0.2151972689708074,,,0.01624655116200447,0.051923908103257414,0.01624655116200447,0.051923908103257414,0.0041612528259555494,0.051923908103257414,0.00606784897223115,0.2758161636590958,0.06972657122214636,0.51579105869929,0.04544440175096194,0.5864947638511657,mc_dlsk,cw,10.0,2
240000,4124,0.01718333333333333,48.69305132046013,5.371348530207879e-10,0.6810311059936492,2.780549663289388,,,0.00313501431979239,0.9755134580930074,0.00313501431979239,0.9755134580930074,0.00073502768514057,0.9755134580930074,0.009578568048775197,0.9796243724822998,0.004160551325728496,0.8653929564158122,0.010367210347950458,0.9675597632726034,mc_dlsk,cw,-10.0,3
240000,27453,0.1143875,58.593561004418824,5.411446597512694e-10,0.5965318661049891,2.173611316426595,,,0.003474365538607041,0.8831263605753581,0.003474365538607041,0.8831263605753581,0.0007800498097514113,0.8831263605753581,0.009770727674166362,0.8767984038988749,0.005854314820716779,0.7897814316749573,0.011630396002531051,0.9184707250595093,mc_dlsk,cw,-6.0,3
240000,98053,0.40855416666666666,70.97682213354396,5.564931484028422e-10,0.47791232813497014,0.560062736638387,,,0.004512466147542,0.6182277074654897,0.004512466147542,0.6182277074654897,0.0011246889559552073,0.6182277074654897,0.015280754027764002,0.5782690541744232,0.010109346703688304,0.704977055867513,0.0157843694165349,0.8133930063247681,mc_dlsk,cw,-2.0,3
240000,119877,0.4994875,84.14841991734151,6.059683793707169e-10,0.338455430785603,-0.009837510335445405,,,0.007610340715199709,0.3388422891100248,0.007610340715199709,0.3388422891100248,0.0026582356154918672,0.3388422891100248,0.04227466462651888,0.44647742199897766,0.020798280575871467,0.6227008706728617,0.028856260348359745,0.6790400715668996,mc_dlsk,cw,2.0,3
240000,120000,0.5,99.06763939637766,7.46903563919138e-10,0.19658983188175055,-0.019729415766398112,,,0.014930929344892502,0.21613379094501337,0.014930929344892502,0.21613379094501337,0.006886038823177417,0.21613379094501337,0.11220513631105423,0.42684040327866873,0.04764889973004659,0.552331292629242,0.06049962860544523,0.570507896343867,mc_dlsk,cw,6.0,3
240000,120000,0.5,123.58777364237692,1.0118122300100433e-09,0.0908500985467269,-0.0134585047741731,,,0.0286034332126379,0.17024846730132898,0.0286034332126379,0.17024846730132898,0.015607590611775716,0.17024846730132898,0.2445959668636322,0.4210600941578547,0.11509655859073004,0.4980464802583059,0.12483848887681961,0.49988750044504804,mc_dlsk,cw,10.0,3
240000,2963,0.012345833333333334,45.15854271437079,5.358094647156173e-10,0.7090209556603309,2.815842657470703,,,0.003059283448383212,0.9844571461677551,0.003059283448383212,0.9844571461677551,0.0007395157008742293,0.9844571461677551,0.00988529778321584,0.9870547062555949,0.0037686695732176306,0.8924419306119283,0.010098324807484944,0.977778617699941,mc_dlsk,cw,-10.0,4
240000,19133,0.07972083333333334,53.90283412907526,5.360949294935013e-10,0.638157554439238,2.373086208597819,,,0.003276943988725543,0.9207280707359314,0.003276943988725543,0.9207280707359314,0.0007737116601939003,0.9207280707359314,0.01018166432629029,0.9179683871269226,0.004868596793587009,0.8236610800425211,0.01097590851833423,0.9405096966425578,mc_dlsk,cw,-6.0,4
240000,82061,0.34192083333333334,67.04054157429856,5.374725092296693e-10,0.5240016636448411,0.9192450848897298,,,0.003989562783266108,0.7089633555412292,0.003989562783266108,0.7089633555412292,0.0010359430889288585,0.7089633555412292,0.01518384264310201,0.6600967361927033,0.007631186294804017,0.7404613361358643,0.01419055081208547,0.8473079662322998,mc_dlsk,cw,-2.0,4
240000,119325,0.4971875,85.49368824176645,5.430551420431338e-10,0.37584669171718926,0.00997058001756668,,,0.006418723319719235,0.41262123580773674,0.006418723319719235,0.41262123580773674,0.0023898729377736646,0.41262123580773674,0.045466997104883194,0.46543059968948364,0.014570017600556215,0.6542097326914469,0.026446689889828363,0.7005749479929606,mc_dlsk,cw,2.0,4
240000,120000,0.5,112.84356207853746,5.546709872880807e-10,0.22116867195332415,-0.02578994353612264,,,0.013956211700042088,0.24159534693757692,0.013956211700042088,0.24159534693757692,0.007562019029756387,0.24159534693757692,0.15960131873289743,0.4395661654869715,0.03199881406525771,0.5769205111662546,0.06573913081089655,0.5658688635826111,mc_dlsk,cw,6.0,4
240000,120000,0.5,157.15719104530146,5.879853520968354e-10,0.10519410321960349,-0.04413473196824392,,,0.03634646181066831,0.1637099237094323,0.03634646181066831,0.1637099237094323,0.025177602232495943,0.1637099237094323,0.49362114006678265,0.42747976223627726,0.07577676577568054,0.5158673223654429,0.17356642548243204,0.4762226179440816,mc_dlsk,cw,10.0,4
240000,680,0.0028333333333333335,48.35326512645535,5.363591769640675e-10,0.6837050017630709,2.8878886881510417,,,0.003123920697470506,0.9880199831326802,0.003123920697470506,0.9880199831326802,0.0007212189477868379,0.9880199831326802,0.009533397010962168,0.9938933143615722,0.003763053418944279,0.8733812743822733,0.010251070089141529,0.9760323918660482,mc_dlsk,barrage,-10.0,0
240000,1217,0.0050708333333333334,60.15908980664304,5.374119291683382e-10,0.5808765439562931,2.8576329584757487,,,0.00341326690663894,0.9619388763109843,0.00341326690663894,0.9619388763109843,0.0006971461233682931,0.9619388763109843,0.0085503276069959,0.9800743482907613,0.004855901374171178,0.7876098265647888,0.011215956587096055,0.9423746590614319,mc_dlsk,barrage,-6.0,0
240000,4202,0.017508333333333334,74.94531628455275,5.408267395247412e-10,0.42056723789463707,2.723037096150716,,,0.004186497427150607,0.8600405066808064,0.004186497427150607,0.8600405066808064,0.0006785790998488665,0.8600405066808064,0.006749164932966232,0.9238280019760132,0.007601534514377515,0.6860177133878073,0.01384756250778834,0.8725485259691874,mc_dlsk,barrage,-2.0,0
240000,18909,0.0787875,86.76890735483144,5.546313416872439e-10,0.24618172099881638,2.2162119405110676,,,0.006262460685521365,0.5770928436120352,0.006262460685521365,0.5770928436120352,0.000797503979721417,0.5770928436120352,0.004587259050210317,0.7264050331115722,0.01449908224195242,0.5882335529327393,0.020902300634980202,0.7689621726671855,mc_dlsk,barrage,2.0,0
240000,54743,0.22809583333333333,96.51559454981545,6.052044556711857e-10,0.12206977758757641,1.3009166961669922,,,0.01136130916674932,0.25505722185969354,0.01136130916674932,0.25505722185969354,0.0014934037644416093,0.25505722185969354,0.0038253652106970547,0.4181055959860484,0.03182625254491965,0.510039290746053,0.03772675187389056,0.6743683071931204,mc_dlsk,barrage,6.0,0
240000,90121,0.3755041666666667,115.57976191674388,7.889657809318118e-10,0.06009284030229132,0.5690047444661458,,,0.021557409342130025,0.07164391995593905,0.021557409342130025,0.07164391995593905,0.003483111336454749,0.07164391995593905,0.006208507320036491,0.2358157744805018,0.07535221962134044,0.4553967809677124,0.07186454140345255,0.6043913436730702,mc_dlsk,barrage,10.0,0
240000,651,0.0027125,48.31740524192502,5.364179687765071e-10,0.6839853848933365,2.887823768107096,,,0.003123052499815822,0.9881501625378927,0.003123052499815822,0.9881501625378927,0.0007209138764999807,0.9881501625378927,0.009528635000685851,0.9940138193766276,0.0037624681927263736,0.8718247083028158,0.010249017345408598,0.9762740279833476,mc_dlsk,barrage,-10.0,1
240000,1259,0.005245833333333333,60.01765632956291,5.374796920643405e-10,0.5821937332359317,2.856929635620117,,,0.0034118439435958862,0.9617573213577271,0.0034118439435958862,0.9617573213577271,0.0006966931923292577,0.9617573213577271,0.008543274938563506,0.9799380011558533,0.00485453825717171,0.7859385952949524,0.011212293880184491,0.9429723701477051,mc_dlsk,barrage,-6.0,1
240000,4398,0.018325,74.70862790406882,5.407449144376197e-10,0.42330018881888304,2.7215264455159507,,,0.004184189963340759,0.8586721638043722,0.004184189963340759,0.8586721638043722,0.0006779716562169294,0.8586721638043722,0.006739523078004519,0.9221131739616394,0.007598279780646165,0.6847060646216074,0.013839925552904605,0.8737545644442241,mc_dlsk,barrage,-2.0,1
240000,19052,0.07938333333333333,86.62558241162785,5.544489944008646e-10,0.2483018160934102,2.217113781483968,,,0.006258599214504163,0.5782539199193318,0.006258599214504163,0.5782539199193318,0.0007967181368730963,0.5782539199193318,0.004574415786067645,0.7262152593135833,0.014491175056993962,0.5870867705345154,0.0208883686264356,0.770377763112386,mc_dlsk,barrage,2.0,1
240000,54705,0.2279375,96.47763856242854,6.054289677092475e-10,0.12302010171465116,1.3046973688761394,,,0.011355571701129278,0.25717291756471,0.011355571701129278,0.25717291756471,0.0014923305767277878,0.25717291756471,0.0038083446092903616,0.4188578549226125,0.031806816100080806,0.5087787480354309,0.03770574893752734,0.6748035419782002,mc_dlsk,barrage,6.0,1
240000,90055,0.37522916666666667,115.70623297562851,7.888257206117923e-10,0.059481936711918024,0.5698893834431966,,,0.02155176814496517,0.07158581785609325,0.02155176814496517,0.07158581785609325,0.003482268057266871,0.07158581785609325,0.0061914799985786275,0.23269969391822815,0.0753040712873141,0.45407477140426633,0.07183381965955099,0.6044909210205078,mc_dlsk,barrage,10.0,1
240000,632,0.0026333333333333334,48.409438055919864,5.363073107335291e-10,0.6832424215406994,2.8877425944010415,,,0.0031230017028748987,0.9877127458254497,0.0031230017028748987,0.9877127458254497,0.0007210810321072737,0.9877127458254497,0.009528568966686725,0.9936712576548259,0.003763740341862043,0.8727890842755636,0.010248812033236026,0.9761249334017436,mc_dlsk,barrage,-10.0,2
240000,1265,0.005270833333333333,60.12033238887713,5.373031137556575e-10,0.5812242129968488,2.856905144246419,,,0.003411849340920647,0.9608064710299175,0.003411849340920647,0.9608064710299175,0.0006969918777234853,0.9608064710299175,0.008544306612511475,0.9788319826126098,0.0048564867104093235,0.7875097538630168,0.011212193499008814,0.9426749521891276,mc_dlsk,barrage,-6.0,2
240000,4374,0.018225,74.93244754498316,5.405273226897436e-10,0.4206205315484108,2.7207868743896486,,,0.0041842629310985405,0.8571062900225321,0.0041842629310985405,0.8571062900225321,0.000678432740115871,0.8571062900225321,0.00674283121774594,0.9206420539220174,0.007601197931170463,0.6872696463267008,0.013841428379217783,0.8732548092206319,mc_dlsk,barrage,-2.0,2
240000,19205,0.08002083333333333,86.80358403962514,5.541198256179382e-10,0.24558027742415525,2.213592196146647,,,0.006258766871442397,0.5783496301968892,0.006258766871442397,0.5783496301968892,0.0007971733368312319,0.5783496301968892,0.004578731779009104,0.7282419133186341,0.014495372804005941,0.5906878469785054,0.020891493912537893,0.7706931283473969,mc_dlsk,barrage,2.0,2
240000,54885,0.2286875,96.56735574117796,6.051032009520634e-10,0.12160603955897556,1.298732339477539,,,0.011355838115513325,0.25844441396743056,0.011355838115513325,0.25844441396743056,0.0014923767308394115,0.25844441396743056,0.0038059657134115695,0.42253880461057025,0.03181239647070567,0.513017852306366,0.037706752653916674,0.6759405259291331,mc_dlsk,barrage,6.0,2
240000,90396,0.37665,115.68003550640715,7.892730048443275e-10,0.060110010151406684,0.5625829402923584,,,0.02155295543471972,0.07297074715420604,0.02155295543471972,0.07297074715420604,0.0034826491879920165,0.07297074715420604,0.006185002861171961,0.2365467004776001,0.07531022047201792,0.4584534604549408,0.07183650162220001,0.6055347452163696,mc_dlsk,barrage,10.0,2
240000,692,0.0028833333333333332,48.38992135176806,5.362618509329519e-10,0.6834152957220935,2.887001294962565,,,0.0031231687424083552,0.987820902188619,0.0031231687424083552,0.987820902188619,0.0007210058134670059,0.987820902188619,0.009530173714955648,0.9938921429316203,0.0037602559647212427,0.8731641448338826,0.010249314403533936,0.9763849760691324,mc_dlsk,barrage,-10.0,3
240000,1321,0.005504166666666667,60.22346859449257,5.372460570343397e-10,0.5802624547104914,2.855788224283854,,,0.003412181270495057,0.9613102426528931,0.003412181270495057,0.9613102426528931,0.0006968234841401379,0.9613102426528931,0.008545300160348416,0.9799684977531433,0.004850438201179107,0.787232746442159,0.011212035380800565,0.9430707667668661,mc_dlsk,barrage,-6.0,3
240000,4392,0.0183,74.98559990178308,5.403342527513998e-10,0.42003000261614476,2.7201127736409507,,,0.004184986645604173,0.8588218758900961,0.004184986645604173,0.8588218758900961,0.0006781509714201093,0.8588218758900961,0.0067423058032989504,0.9224472153981527,0.0075902900263667104,0.685170471906662,0.01384120940019687,0.8739657498995463,mc_dlsk,barrage,-2.0,3
240000,19274,0.08030833333333333,86.85198828189081,5.535814356142486e-10,0.24511545912482793,2.2132986078898114,,,0.0062601309445997075,0.5797370376586914,0.0062601309445997075,0.5797370376586914,0.0007970731932669878,0.5797370376586914,0.0045799933639665445,0.7284738272825877,0.014474765083690484,0.5866608737309774,0.020891423426071802,0.7710426797866822,mc_dlsk,barrage,2.0,3
240000,54976,0.22906666666666667,96.6596059374014,6.036783698108033e-10,0.12051730846342606,1.2996715342203775,,,0.011356921611726283,0.26059016609191893,0.011356921611726283,0.26059016609191893,0.0014931618843848507,0.26059016609191893,0.0038221050562957924,0.42353828469912214,0.03177139648497105,0.5080217614968617,0.037700198479493456,0.6761513100465139,mc_dlsk,barrage,6.0,3
240000,90258,0.376075,115.86895149888262,7.858017407139448e-10,0.05735998403285557,0.5660468802134196,,,0.02155235408047835,0.07599221932391326,0.02155235408047835,0.07599221932391326,0.003484244937201341,0.07599221932391326,0.006223529656976461,0.23831430558363598,0.0752242933233579,0.4533118901252747,0.07181257618665696,0.6057680101394654,mc_dlsk,barrage,10.0,3
240000,644,0.002683333333333333,48.15051473144292,5.364622561534749e-10,0.6853552050744357,2.8880119430541993,,,0.0031233812974145016,0.9882340809504191,0.0031233812974145016,0.9882340809504191,0.0007208585758693517,0.9882340809504191,0.00952817696928978,0.9940564368565877,0.0037638276608039935,0.8730806353886922,0.010251000932852427,0.9762034007708231,mc_dlsk,barrage,-10.0,4
240000,1226,0.005108333333333334,59.91542588347377,5.375465661766895e-10,0.583138755807695,2.856925244140625,,,0.003412452503790458,0.9624600491523743,0.003412452503790458,0.9624600491523743,0.0006966415309968094,0.9624600491523743,0.008542931436995665,0.9803997913996378,0.004857091977447272,0.7879295701980591,0.011215308553973834,0.9428982650438944,mc_dlsk,barrage,-6.0,4
240000,4345,0.018104166666666668,74.75880299985629,5.409721534322723e-10,0.4226722647427118,2.7212798787434895,,,0.00418528794310987,0.8615933742523193,0.00418528794310987,0.8615933742523193,0.0006779918847295146,0.8615933742523193,0.006740319368739923,0.9240421339670817,0.007603329677383105,0.6873225370248158,0.013845543913046519,0.8733684476216634,mc_dlsk,barrage,-2.0,4
240000,19202,0.08000833333333333,86.6972906910133,5.544637227024389e-10,0.24738058128299462,2.213817477162679,,,0.006260563107579947,0.5800734145641326,0.006260563107579947,0.5800734145641326,0.0007971106624541183,0.5800734145641326,0.004580830204486847,0.7256246066888173,0.014501696827510993,0.5902002719243368,0.020899449104070662,0.7700534564654032,mc_dlsk,barrage,2.0,4
240000,54795,0.2283125,96.49347572268957,6.050972010382346e-10,0.12313189552155808,1.3015444491068522,,,0.011358049819866817,0.25678427205979826,0.011358049819866817,0.25678427205979826,0.0014935622740536929,0.25678427205979826,0.003824130792419116,0.4145637253522873,0.03182981733083725,0.5124958768685659,0.037720037204027175,0.6754820562998454,mc_dlsk,barrage,6.0,4
240000,89857,0.37440416666666665,115.6148533759862,7.887318015107282e-10,0.06045177827054654,0.5710935589472452,,,0.02155288079182307,0.07203651721278827,0.02155288079182307,0.07203651721278827,0.0034841345907499393,0.07203651721278827,0.006215944382299979,0.23389727973937988,0.07535641486644745,0.4581528395016988,0.07185541863441468,0.6051666164398193,mc_dlsk,barrage,10.0,4
240000,858,0.003575,45.43948014592293,5.365597477774971e-10,0.7068843289797899,2.882679172261556,,,0.0031057028088718654,0.9875423757235209,0.0031057028088718654,0.9875423757235209,0.0007157768766706188,0.9875423757235209,0.00959289073596398,0.9906679046948751,0.0036370082539816696,0.8903170285224915,0.010174223670860131,0.9782775977452596,mc_dlsk,partial_band,-10.0,0
240000,3972,0.01655,55.58518056132385,5.385144823006751e-10,0.6229415913086128,2.7799621637980145,,,0.0033956175410499176,0.9417729991277058,0.0033956175410499176,0.9417729991277058,0.0007016857163049281,0.9417729991277058,0.009022283414999645,0.9503495136896769,0.00453838835246861,0.8144038933118184,0.011121093256771564,0.9408188352584839,mc_dlsk,partial_band,-6.0,0
240000,24845,0.10352083333333334,69.66854843461044,5.482998561596004e-10,0.4834134998214786,2.229879539489746,,,0.004275351281339924,0.7264829417069752,0.004275351281339924,0.7264829417069752,0.0007813507067350049,0.7264829417069752,0.009467927551269531,0.7824193275769552,0.00680254842042923,0.7208655743598938,0.01408758669346571,0.8569468512535096,mc_dlsk,partial_band,-2.0,0
240000,86402,0.3600083333333333,82.87318559276234,5.925108514881351e-10,0.30889997731474744,0.9073901196797689,,,0.006935657274226348,0.32930231479307015,0.006935657274226348,0.32930231479307015,0.0014019599716489513,0.32930231479307015,0.016430449175834656,0.4972101841767629,0.01248985430598259,0.6249524625142415,0.0228691238929828,0.7479834759235382,mc_dlsk,partial_band,2.0,0
240000,118236,0.49265,93.9492602744549,7.750410915826202e-10,0.16036478479890853,0.11841084865729014,,,0.013672941665351391,0.07054158872862656,0.013672941665351391,0.07054158872862656,0.0036728782226641975,0.07054158872862656,0.04489049643675486,0.3685698928833008,0.026775709491968155,0.5421919233004252,0.044750619779030484,0.647859179576238,mc_dlsk,partial_band,6.0,0
240000,119968,0.4998666666666667,111.64034009882987,1.1784082665253195e-09,0.0743471283973257,0.011615517842769622,,,0.026098791873455048,-0.030444735584159693,0.026098791873455048,-0.030444735584159693,0.008340475363532702,-0.030444735584159693,0.10607302294174831,0.3266282738049825,0.06266013859510422,0.4804246874650319,0.08731999728679657,0.5722345610459646,mc_dlsk,partial_band,10.0,0
240000,1629,0.0067875,49.95788531900576,5.363370121587387e-10,0.6709199206786952,2.8552376220703124,,,0.00308376725067695,0.988960175673167,0.00308376725067695,0.988960175673167,0.0007274274144942562,0.988960175673167,0.009637698069711527,0.9915345981915792,0.003902718348801136,0.8652486125628154,0.010211869119107724,0.974355002562205,mc_dlsk,partial_band,-10.0,1
240000,8931,0.0372125,62.49836485745655,5.377005714544215e-10,0.5618165908519202,2.645429393005371,,,0.003325099881241719,0.9514295167922974,0.003325099881241719,0.9514295167922974,0.0007246892841532826,0.9514295167922974,0.00915868568867445,0.955188323020935,0.00520648294625183,0.7798825117746989,0.011191257788737615,0.9378526382446289,mc_dlsk,partial_band,-6.0,1
240000,47155,0.19647916666666668,77.47369532144965,5.432134192916985e-10,0.40762058316288585,1.7150147844950359,,,0.004014790100355943,0.813086551507314,0.004014790100355943,0.813086551507314,0.0007983737890298168,0.813086551507314,0.009756254563232264,0.7909358950455984,0.00848177383641402,0.6813220891952515,0.014076770128806431,0.8627011712392171,mc_dlsk,partial_band,-2.0,1
240000,106766,0.44485833333333336,89.95090863838362,5.65403235553982e-10,0.25230334512445735,0.3560062420209249,,,0.005922491455574831,0.5490237302780151,0.005922491455574831,0.5490237302780151,0.0012237961395954093,0.5490237302780151,0.016111611526211104,0.529800507426262,0.01670953854173422,0.5873849225044251,0.022144898369908333,0.7611875778834025,mc_dlsk,partial_band,2.0,1
240000,119713,0.49880416666666666,100.22747497859014,6.456853427473704e-10,0.135601957710227,-0.002641882606347402,,,0.010444934957226117,0.32491687941551206,0.010444934957226117,0.32491687941551206,0.00262481700591743,0.32491687941551206,0.0359752550025781,0.4459680274327596,0.03737770823438962,0.5120493066310883,0.04128109214901924,0.6701219498316447,mc_dlsk,partial_band,6.0,1
240000,120000,0.5,119.93296741750513,8.684229674773817e-10,0.06368945568478875,-0.016596667393048603,,,0.019187730498115223,0.2053321010246873,0.019187730498115223,0.2053321010246873,0.005972416473676761,0.2053321010246873,0.07715831993818283,0.42638731439908345,0.08929532651106517,0.45877514759699506,0.08109485819339753,0.5939368426005046,mc_dlsk,partial_band,10.0,1
240000,3373,0.014054166666666666,50.210354621530946,5.362288280918739e-10,0.6691747265156395,2.8033949157714844,,,0.0030938276519378027,0.9812189343770346,0.0030938276519378027,0.9812189343770346,0.0007449571868404746,0.9812189343770346,0.00991804431627194,0.9838540094693502,0.003911908020824194,0.867821266969045,0.010275880881150563,0.9720594143867493,mc_dlsk,partial_band,-10.0,2
240000,20876,0.08698333333333333,62.898532391180275,5.371281054562825e-10,0.5602496265056192,2.333106123860677,,,0.003389422854408622,0.9131186661720276,0.003389422854408622,0.9131186661720276,0.0007904401665863891,0.9131186661720276,0.010352204471826554,0.9080843199094136,0.005228926725188891,0.7838300043741862,0.01154929088105758,0.9283507075309754,mc_dlsk,partial_band,-6.0,2
240000,80540,0.33558333333333334,79.10363639203759,5.396851362272265e-10,0.40553199762791725,0.9506159929911295,,,0.004350926765054464,0.7104300556182861,0.004350926765054464,0.7104300556182861,0.001066349804153045,0.7104300556182861,0.015429988710085552,0.6594575681686401,0.008537136307358742,0.6864627200762431,0.015889801638325055,0.8351572233835857,mc_dlsk,partial_band,-2.0,2
240000,118272,0.4928,95.24389601035072,5.478391749547649e-10,0.25140659589131686,0.04517274678945541,,,0.007267621749887864,0.4386929847399394,0.007267621749887864,0.4386929847399394,0.002228775684783856,0.4386929847399394,0.04024907056689262,0.47042111730575564,0.016846996039152146,0.5928906892140706,0.029503566892941792,0.7150448614756266,mc_dlsk,partial_band,2.0,2
240000,119996,0.49998333333333334,110.6437426945152,5.779482798389925e-10,0.13861868363244817,-0.028331603292624154,,,0.01444997979104519,0.26993394815921784,0.01444997979104519,0.26993394815921784,0.005737020722279946,0.26993394815921784,0.11522818385759989,0.4392078697681427,0.03772044001817703,0.5166220880349477,0.06377853836218517,0.6131542551517487,mc_dlsk,partial_band,6.0,2
240000,120000,0.5,131.08866789061966,6.794294622962885e-10,0.07158494026768213,-0.03460307697455088,,,0.02859700008829435,0.19445893988509974,0.02859700008829435,0.19445893988509974,0.014057435175279777,0.19445893988509974,0.2826170256296794,0.42782230575879415,0.09015219386021296,0.4618106219768524,0.1358379826625188,0.5357898726463318,mc_dlsk,partial_band,10.0,2
240000,1679,0.006995833333333333,50.022932869424814,5.361538216057233e-10,0.6703902198694022,2.8542725341796875,,,0.0030941590670496223,0.9893613142967224,0.0030941590670496223,0.9893613142967224,0.0007314653256287177,0.9893613142967224,0.009671288098891576,0.99150883324941,0.003911929844071468,0.8657784716288248,0.010277772138019402,0.9735302138328552,mc_dlsk,partial_band,-10.0,3
240000,8949,0.0372875,62.73726484820378,5.370713462090505e-10,0.5596675612844002,2.6419041615804035,,,0.0033543071704606217,0.9533342210451762,0.0033543071704606217,0.9533342210451762,0.000735032640521725,0.9533342210451762,0.009264514428873856,0.9564520037968953,0.005228389348089695,0.7810462940533955,0.011378132547438144,0.9370103650093079,mc_dlsk,partial_band,-6.0,3
240000,47533,0.19805416666666667,78.09233848880676,5.401310255462139e-10,0.4024830350283312,1.6974587608337401,,,0.0040952266585081816,0.8200581967035929,0.0040952266585081816,0.8200581967035929,0.0008256695028394461,0.8200581967035929,0.010125873098274072,0.7935569984118144,0.008534847591072321,0.6832463542620341,0.014587302184104919,0.8624905893007915,mc_dlsk,partial_band,-2.0,3
240000,107464,0.44776666666666665,91.10037133412497,5.53154884617176e-10,0.24606401072343,0.3366095396359762,,,0.006103738021602233,0.5622725756168365,0.006103738021602233,0.5622725756168365,0.0013041683825353782,0.5622725756168365,0.017617759175101916,0.5377975064118703,0.016839758964379628,0.5894984265963237,0.023344772569338482,0.7623388930956523,mc_dlsk,partial_band,2.0,3
240000,119832,0.4993,100.77177381908102,6.084912283173222e-10,0.13479356891166142,-0.013267409970362982,,,0.010737467755873998,0.3348578164577484,0.010737467755873998,0.3348578164577484,0.0028974805377423763,0.3348578164577484,0.042851796801884966,0.4477047781944275,0.03769990361134211,0.5136958956718445,0.04403699128627777,0.6710527241230011,mc_dlsk,partial_band,6.0,3
240000,120000,0.5,115.19675751947152,7.904882302388561e-10,0.06845521269782656,-0.02326780710220337,,,0.019773275769750277,0.2106918362279733,0.019773275769750277,0.2106918362279733,0.006948141138007243,0.2106918362279733,0.10442961115439733,0.4292165154218674,0.09009687020778656,0.46020318094889323,0.0887685548822085,0.590869972229004,mc_dlsk,partial_band,10.0,3
240000,850,0.0035416666666666665,45.53403645714747,5.365715488731264e-10,0.7061985472153485,2.883905244954427,,,0.0031021951764822007,0.9886771480242411,0.0031021951764822007,0.9886771480242411,0.000716937163627396,0.9886771480242411,0.009640112970769405,0.9918289017677308,0.0036451779536902902,0.8899115481376648,0.010224737267196178,0.9788059357007345,mc_dlsk,partial_band,-10.0,4
240000,3741,0.0155875,55.83964517445093,5.383524534345594e-10,0.6206756653447681,2.7890860804239908,,,0.0033805156788478297,0.9477447754542033,0.0033805156788478297,0.9477447754542033,0.0007003600498040517,0.9477447754542033,0.009044328157107035,0.9563259754180908,0.004558673678711057,0.8132599407831828,0.01121993300418059,0.942867816289266,mc_dlsk,partial_band,-6.0,4
240000,22581,0.0940875,69.93676996947033,5.453009212245508e-10,0.4801460874579472,2.2811640955607095,,,0.004203779005755981,0.7570566868782044,0.004203779005755981,0.7570566868782044,0.0007574071534598867,0.7570566868782044,0.0091198051755627,0.806171483039856,0.0068531286788483465,0.7186576934655508,0.01420419278840224,0.8624004122416178,mc_dlsk,partial_band,-2.0,4
240000,78752,0.32813333333333333,82.89363581917111,5.750457757580194e-10,0.30606521707820816,1.0605715311686197,,,0.006595910240213076,0.3754943863848845,0.006595910240213076,0.3754943863848845,0.0012472118912264705,0.3754943863848845,0.014003193298975626,0.5347344046433766,0.012616313341756662,0.6219386331240336,0.022623805752396583,0.7565842560132344,mc_dlsk,partial_band,2.0,4
240000,115065,0.4794375,92.7575658908166,7.023915245575135e-10,0.15568604064676606,0.22158391922712325,,,0.01247866318076849,0.10177735230326652,0.01247866318076849,0.10177735230326652,0.00301437076938649,0.10177735230326652,0.033033357055981954,0.3795600897073746,0.027092420968413352,0.5392446328004201,0.042484414567550026,0.6634615712165832,mc_dlsk,partial_band,6.0,4
240000,119279,0.49699583333333336,108.83311093761698,1.0272735589526324e-09,0.06719618948603683,0.055948649946848554,,,0.023590178061525028,-0.014721253996094068,0.023590178061525028,-0.014721253996094068,0.006696302020053069,-0.014721253996094068,0.06853560911019643,0.31685572906335197,0.06345419157743454,0.4780830802122752,0.0796735559463501,0.5912264342308045,mc_dlsk,partial_band,10.0,4
