n_sym,n_err,ber,mse_tau,mse_fd,corr_tau,margin_mean,attn_entropy,attn_maxw,conv1_energy,conv1_cos,conv2_energy,conv2_cos,pool_projection_energy,pool_projection_cos,attn_weights_energy,attn_weights_cos,attn_pool_energy,attn_pool_cos,sensing_delay_profile_energy,sensing_delay_profile_cos,sensing_features_energy,sensing_features_cos,arch,jammer,jsr_db,ber_std,ber_sem,ber_ci_lo,ber_ci_hi,ber_q05,ber_q95,margin_mean_std,realization,n_realizations
240000.0,513.0,0.0021375,35.61661848527797,5.340419680569255e-10,0.7796012924610829,2.843602826944987,4.558919843794175,0.021267622351646424,0.007758641421794892,1.0,0.0063771526950101055,1.0,0.010076580488185088,1.0,0.00011030984622581551,,0.005088726656387249,1.0,0.003040807604479293,1.0,0.03663425509730975,1.0,conv1d,clean,,,,,,,,,,
240000.0,3554.2,0.014809166666666668,44.595630746826345,5.341965565806093e-10,0.7137857046088758,2.743204285888672,4.558142879536207,0.021847225389877954,0.008513725418994825,0.997661697355906,0.006839984930604698,0.989500833161672,0.010237669340570767,0.9853617941220602,0.00011054230750383187,,0.00494529688363274,0.9880284735043844,0.0037805164329707624,0.894171955426534,0.03945852333943049,0.9816870202700297,conv1d,cw,-10.0,0.009604752657466568,0.004802376328733283,0.005396682022141748,0.02422165131119159,0.0034941666666666667,0.02777333333333333,0.07668519067853792,2.0,5.0
240000.0,24463.2,0.10193,52.612991854159745,5.346070936323242e-10,0.6496951188142536,2.233760656941732,4.557096786802767,0.022389514164924622,0.009651977849900722,0.9911823911984762,0.007634157081494728,0.9589979367891948,0.010941734643181164,0.9336776980082193,0.00011085429845998686,,0.005249060287376245,0.9373615692774454,0.004897238266691565,0.8282306956609091,0.0428911960152785,0.9553418347358704,conv1d,cw,-6.0,0.07048646385023943,0.03524323192511972,0.03285453472797313,0.17100546527202687,0.013627500000000002,0.1934325,0.4154213048784564,2.0,5.0
240000.0,77369.8,0.32237416666666663,64.3232498912806,5.355630107703895e-10,0.5469250722250143,1.0335972969492278,4.553088523055836,0.02334691520690918,0.01251683567037185,0.9733993240038554,0.009968440190205971,0.8770451778093975,0.014340120135049025,0.7958358686129252,0.00011188295707106591,,0.00764840296720465,0.7899993124961853,0.007701360996713241,0.7484893709182739,0.050855743148326873,0.8879695703824361,conv1d,cw,-2.0,0.1675475016060951,0.08377375080304755,0.15818063224286003,0.4865677010904732,0.06641916666666667,0.46547999999999995,0.920231376450071,2.0,5.0
240000.0,97256.6,0.40523583333333335,79.25308382689529,5.379790794351689e-10,0.4099278658997356,0.5033803913203875,4.5387714546782,0.025174294113318126,0.019734462416768076,0.9421446619669597,0.016831710199316344,0.7572446585178376,0.027540839037994546,0.6518700528939565,0.00011522950699863333,,0.018403339271197715,0.6417260446707408,0.0147434842517972,0.6650699465115866,0.0723220975025495,0.7671235054969788,conv1d,cw,2.0,0.18704433800349762,0.09352216900174881,0.22193575033383747,0.5885359163328292,0.1242425,0.49981416666666667,0.9970618030733277,2.0,5.0
240000.0,105512.8,0.4396366666666666,99.17348659956305,5.442779184564618e-10,0.2608455498249935,0.30214012124458944,4.504511971319472,0.02858221119324366,0.03792185768167178,0.9078980595270792,0.035967899523178734,0.6635905061244964,0.06861743823170662,0.5840941752115886,0.0001231065417127684,,0.05434453005502622,0.5746835131168366,0.03243009759187698,0.5887545147260029,0.1309193318327268,0.669702156162262,conv1d,cw,6.0,0.12072458334411891,0.060362291672059455,0.3213287489651281,0.5579445843682052,0.25854916666666666,0.5,0.6375910626569535,2.0,5.0
240000.0,118397.8,0.4933241666666667,128.72989943778106,5.659957725936689e-10,0.1424235622710152,0.09771463415225345,4.429700363739565,0.035196013525327044,0.08375810869375865,0.8821863746960957,0.08659765055735905,0.6124738209247589,0.17958488207101822,0.5500999503771464,0.000140972384425501,,0.15465809718867143,0.5392910212516785,0.07685305742820105,0.5265377825260162,0.27740030306975044,0.619521377881368,conv1d,cw,10.0,0.013351666666666671,0.006675833333333336,0.48023977376654137,0.506408559566792,0.47329666666666664,0.5,0.226923124716878,2.0,5.0
240000.0,824.0,0.0034333333333333334,48.424340196630865,5.343608598992804e-10,0.6833631962112132,2.8232586447143557,4.557927397028522,0.022083022431135177,0.008521815897574028,0.9979599358558655,0.006789639956653118,0.9951745745023091,0.01012108556618293,0.9962178319931029,0.00011060909206668537,,0.004812794810632864,0.9965590711911518,0.0037626691158115866,0.8728479694366456,0.0399275586783886,0.9841055201848347,conv1d,barrage,-10.0,0.00011456439237389601,5.7282196186948006e-05,0.0033210622918515577,0.003545604374815109,0.003289166666666667,0.0035733333333333333,0.0003507464264339626,2.0,5.0
240000.0,1584.4,0.006601666666666667,60.20062598057456,5.349352768168104e-10,0.5804290969965696,2.7803654594930016,4.555554291507159,0.023112705465157826,0.009680135518411796,0.9942017387072244,0.007467117682248355,0.9852130504290262,0.010406439952751001,0.9877936785062154,0.00011125008516867335,,0.004600834712882837,0.988271038532257,0.004854891304075718,0.7872440984725952,0.04475606827735901,0.9681601994514466,conv1d,barrage,-6.0,0.00017162620882474677,8.581310441237337e-05,0.00643347607261684,0.006769857260716494,0.006444166666666667,0.006824166666666667,0.00038227502028468876,2.0,5.0
240000.0,5415.8,0.022565833333333334,74.90018440822453,5.360740631191804e-10,0.41918963054298164,2.6107624499511717,4.5469749392077485,0.025488758547306062,0.012603716950813929,0.9853854167620341,0.009323479997316997,0.9572418235778809,0.011733395120004812,0.9601681145032247,0.00011348503255362932,,0.004637603834867476,0.9584294792493184,0.007598926385988791,0.6860972866535187,0.05709467841625213,0.9415155021031698,conv1d,barrage,-2.0,6.994045086119133e-05,3.4970225430595664e-05,0.02249729295095812,0.022634373715708547,0.022476666666666666,0.022645000000000002,0.0002605130880693225,2.0,5.0
240000.0,22093.0,0.09205416666666666,86.6642671507431,5.386366135951621e-10,0.24318460744407652,2.0368075575764975,4.5183052945700295,0.031358953560988105,0.019995125825603803,0.9707518079121907,0.01439351658473412,0.9009152078946432,0.016506897718310355,0.8955100385665894,0.00012122565006604419,,0.006118532369335493,0.8833635014851888,0.014492418402830762,0.5885738632202149,0.08920796181360881,0.906447552394867,conv1d,barrage,2.0,0.00024974987487484315,0.00012487493743742158,0.09180941628671763,0.09229891704661569,0.091675,0.09225333333333333,0.0006156821465561111,2.0,5.0
240000.0,58528.6,0.24386916666666666,96.51600539066767,5.46932409650689e-10,0.12110202389879421,1.10111081199646,4.430560989356328,0.04667327146848042,0.03869443511684736,0.9542849028905233,0.02797128840128581,0.8292738862355551,0.030867564743161203,0.8091625952561696,0.00014891077371314171,,0.01303897037168344,0.7785029823462167,0.031809335786302885,0.5104707058906556,0.17283863952159884,0.8726856544176738,conv1d,barrage,6.0,0.0005302816337674814,0.00026514081688374064,0.243349500214743,0.24438883311859033,0.2432425,0.24459833333333333,0.0008255415045355645,2.0,5.0
240000.0,91910.8,0.3829616666666667,113.6298880871997,5.698839321053484e-10,0.0609261085916575,0.448194925587972,4.174953500394871,0.0885898153146108,0.08596682081699371,0.9406252743721009,0.06363949705799421,0.7682399408817291,0.07028928836663564,0.738440490579605,0.0002668083210972449,,0.042383112246592844,0.6862074982643127,0.07530944391409557,0.4558779484907786,0.3902613897609711,0.8470279321352641,conv1d,barrage,10.0,0.0005437102475890286,0.0002718551237945143,0.3824288404150168,0.3834944929183166,0.382125,0.38339666666666666,0.0016578572217207717,2.0,5.0
240000.0,2347.8,0.009782500000000001,48.18996380421122,5.343395905455517e-10,0.6850749737533661,2.7700410724894207,4.557564822279261,0.022178311606248217,0.008522260304590065,0.998062609100342,0.006875252286245426,0.9923270369211832,0.010438200702667235,0.9891565907160441,0.00011071017258490125,,0.005001227181255817,0.9916134817759195,0.0038017484842737515,0.8758153855641682,0.040576753135919574,0.9817365269025167,conv1d,partial_band,-10.0,0.006025917057916487,0.003012958528958243,0.003877209796329064,0.015687790203670938,0.0035983333333333336,0.018145833333333333,0.05191675049131147,2.0,5.0
240000.0,14447.4,0.0601975,59.52231590464944,5.349016448849695e-10,0.5873592739279496,2.446305102386474,4.554759408308468,0.0232803955189387,0.009681654844085376,0.993205766105652,0.0077267499955495185,0.9727530576070149,0.011453580126464368,0.9558622526804607,0.00011146959526541953,,0.005267845537314813,0.9611432841936747,0.004952172210142017,0.7944845288594563,0.04668547597328822,0.9594053566614786,conv1d,partial_band,-6.0,0.04351117677294728,0.021755588386473637,0.017557330300033813,0.10283766969996619,0.014108333333333334,0.11980416666666666,0.27147100106176114,2.0,5.0
240000.0,58469.6,0.24362333333333336,73.65013938019021,5.362560016752245e-10,0.44245092481811527,1.4530778133773805,4.5447087508294945,0.025990019706090293,0.012609440870682397,0.9804354184786479,0.01012233313043912,0.9222852221806843,0.015207390581667424,0.8745114446322123,0.00011413598379973943,,0.006974380116909743,0.8687139686743418,0.007841886966824531,0.6981108862717946,0.06305501190304756,0.9167816095987955,conv1d,partial_band,-2.0,0.12851378521496354,0.06425689260748177,0.1176821380642111,0.3695645286024556,0.08469416666666667,0.38997666666666664,0.685297250740805,2.0,5.0
240000.0,102460.6,0.4269191666666667,86.30950039988183,5.401437291593655e-10,0.28187305956913633,0.4523336793303489,4.5088777059915905,0.033702034182548524,0.020013267404238384,0.9576523686408995,0.01678723823159933,0.8403586021105449,0.027505858271022636,0.7648033661842346,0.00012451530310014883,,0.014280996045619249,0.7311473134994506,0.015100492238601049,0.603333026790619,0.10722125166416167,0.8565306484858194,conv1d,partial_band,2.0,0.08219630253241324,0.04109815126620662,0.34636827035372253,0.5074700629796108,0.30897749999999996,0.49678583333333337,0.4679088786617243,2.0,5.0
240000.0,117181.0,0.48825416666666666,97.62372828083069,5.534360191607074e-10,0.15002941631772004,0.08475028444131215,4.389308345614463,0.05606204702695211,0.03873923936009407,0.9308474280039469,0.03477121334513028,0.7582210744698842,0.0633109678254525,0.677174034690857,0.0001702249964652583,,0.04204735629439354,0.6289212975184123,0.03333323646485805,0.5247607692877452,0.22486120737552645,0.7973199653148652,conv1d,partial_band,6.0,0.01865302682467975,0.009326513412339876,0.46997453627715075,0.5065337970561826,0.4593775,0.49999166666666667,0.1486754316088461,2.0,5.0
240000.0,119020.8,0.49592,115.00684054385468,6.006244879200606e-10,0.07397230736449989,0.019443497443199155,4.021204126161903,0.11904409259637197,0.08605572913090387,0.9087016496658326,0.08193033770203592,0.7007984606583912,0.1597880852985382,0.629515550883611,0.0004038461891033997,,0.1498906265727679,0.5723444846471152,0.07913174415032069,0.4678593436400096,0.5368976920191446,0.7531866519927978,conv1d,partial_band,10.0,0.00756468926071065,0.003782344630355325,0.48850674074738515,0.503333259252615,0.48442083333333336,0.5,0.05884772404311701,2.0,5.0
