snr_db,ber,mse_tau,mse_fd,n_errors,n_symbols
-5.0,0.0954861111111111,91.90194217493983,5.985815461410877e-10,110,1152
-3.0,0.028935185185185185,83.25927968531063,5.532437060706121e-10,100,3456
-1.0,0.006744123931623932,79.52366403763,5.464044136798754e-10,101,14976
1.0,0.002225,66.05743234130266,5.379173289046198e-10,89,40000
3.0,0.000675,55.35029071834751,5.392194243311336e-10,27,40000
5.0,0.0004,45.54284541895487,5.392981049663898e-10,16,40000
7.0,0.00065,36.3457048899574,5.310126136130043e-10,26,40000
9.0,0.000525,28.42276304040052,5.286370338983715e-10,21,40000
11.0,0.0002,21.909398852244593,5.352061203906218e-10,8,40000
13.0,0.000175,16.633300038420483,5.352432344385772e-10,7,40000
15.0,0.0002,13.816124275663228,5.30031093065574e-10,8,40000
17.0,0.000325,12.122870257937995,5.340861780609057e-10,13,40000
19.0,0.000275,11.20619572667617,5.333136041147938e-10,11,40000
21.0,0.000325,10.518364008974967,5.352742033100713e-10,13,40000
