scenario,arch,pooled_ber,min_snr_1e-4_db,best_ber
k1_doppler_full,conv1d,0.00016656228956226466,11.0,6.8e-05
k1_doppler_full,lstm,0.00023922486772485558,,0.0001628571428571
k1_doppler_full,mc_dlsk,0.0002966111111111,,0.0002016666666666
k1_doppler_full,qkv,0.00011789689323021298,11.0,5.2e-05
k3_doppler_full,conv1d,0.0002984656084655889,,0.00015
k3_doppler_full,lstm,0.00042499999999997775,,0.0002525
k3_doppler_full,mc_dlsk,0.0003960555555555333,,0.000242
k3_doppler_full,qkv,0.00021989991181656666,,0.0001144444444444
k3_doppler_limited,conv1d,0.00028052910052907775,,0.0001325
k3_doppler_limited,lstm,0.0003535185185185111,,0.00025
k3_doppler_limited,mc_dlsk,0.000517037037037011,,0.0003433333333333
k3_doppler_limited,qkv,0.00029063756613755557,,0.00015
