snr_db,ber,mse_tau,mse_fd,n_errors,n_symbols,corr_tau,corr_fd,mse_tau_argmax,corr_tau_argmax,exact_tau,exact_tau_argmax
-5.0,0.1075,91.58648344591525,5.470996495969458e-10,10750,100000,0.16509401590101758,-0.0038637584473128544,164.35886,0.0947598845914903,0.03289,0.11885
-3.0,0.03872,85.93197125245686,5.385738467177318e-10,3872,100000,0.25387449524863304,0.0017643212015142093,154.03964,0.15241851618978255,0.03518,0.16841
-1.0,0.01025,79.2580171316529,5.355002701655557e-10,1025,100000,0.35974468341646126,-0.0018157066565577357,140.66614,0.23407444954141185,0.04106,0.24499
1.0,0.00262,71.14076497310793,5.360211072263181e-10,262,100000,0.4635990828002005,-0.0016516794092354032,123.47654,0.32676042884902595,0.04915,0.34154
3.0,0.000735,61.10064781622319,5.356673460822337e-10,147,200000,0.5713127947141567,0.004059090831471813,102.27585,0.44637843513150993,0.06535,0.450875
5.0,0.00036,49.77007424471057,5.350828584581219e-10,108,300000,0.6724503881427161,-0.00019941153872946767,81.43833333333333,0.5599672170777875,0.09450666666666667,0.5666333333333333
7.0,0.00016833333333333332,38.58620492753311,5.337524365496558e-10,101,600000,0.7590474215440914,0.0012565491694174222,61.774141666666665,0.6668545530798575,0.13078166666666666,0.67413
9.0,0.00011888888888888889,27.5839306754198,5.347192763498789e-10,107,900000,0.8351215105202476,0.0019815315987259797,42.86836666666667,0.7684222605511049,0.16973555555555556,0.7744522222222222
11.0,7.923076923076924e-05,18.119320776583066,5.343186721327468e-10,103,1300000,0.8954923511455752,-0.0003935224410724083,26.85007,0.8543978133322597,0.20380384615384614,0.8605184615384616
13.0,7.428571428571429e-05,10.695863718245265,5.346151798878335e-10,104,1400000,0.9403310449022507,0.00031624350128711096,14.568925,0.920614163516108,0.23096714285714287,0.9258542857142857
15.0,8.5e-05,5.61151932512277,5.346054836680609e-10,102,1200000,0.9701708225020009,0.0014665069885338308,6.362824166666667,0.965137466227328,0.2487375,0.9684491666666667
17.0,6.5e-05,2.8104078957495324,5.345088678473619e-10,104,1600000,0.9865805790350296,0.001270279116482777,2.1181325,0.9883474931855825,0.2589675,0.989945
19.0,5.833333333333333e-05,1.5991443298435455,5.350508397517304e-10,105,1800000,0.9939562078897353,0.0003009259053632932,0.4680388888888889,0.9974195902805925,0.2623377777777778,0.9978505555555556
21.0,5.2e-05,1.228265147235727,5.357092464477475e-10,104,2000000,0.9964698722029388,0.00010389470388581334,0.062808,0.9996538097136792,0.263927,0.999692
