arch,modality,jammer_knowledge,jammer_model,in_channel,jsr_db,ber,ber_std,ber_sem,ber_ci_lo,ber_ci_hi,ber_min,ber_max,ber_q05,ber_q50,ber_q95,jammed_fraction,ber_clean,hop_rate_hz,dwell_bursts,slot_duration_us,num_channels,n_realizations
mc_dlsk,fh_off,omniscient,barrage,cw,-10.0,0.09286000000000001,0.02636321774746019,0.011789989397789972,0.06975204540222259,0.11596795459777744,0.0635,0.12495,0.06466,0.09565,0.12214,1.0,0.08673,100000.0,1,10.0,8,5
mc_dlsk,fh_off,omniscient,barrage,cw,-6.0,0.12607000000000002,0.05452065663581098,0.024382378883119667,0.07828141553167553,0.1738585844683245,0.0762,0.20265,0.07808,0.1029,0.19472,1.0,0.08673,100000.0,1,10.0,8,5
mc_dlsk,fh_off,omniscient,barrage,cw,-2.0,0.28734000000000004,0.0996861788313706,0.044581014456829035,0.19996281727035567,0.3747171827296444,0.12925,0.3916,0.15622,0.31215,0.3812,1.0,0.08673,100000.0,1,10.0,8,5
mc_dlsk,fh_off,omniscient,barrage,cw,2.0,0.43899999999999995,0.11598194902656188,0.05186870443726158,0.3373392073782144,0.5406607926217855,0.23185,0.5002,0.28211,0.48675,0.49877,1.0,0.08673,100000.0,1,10.0,8,5
mc_dlsk,fh_off,omniscient,barrage,cw,6.0,0.48918999999999996,0.02328745370365769,0.010414465900851568,0.4687780219161104,0.5096019780838895,0.4478,0.50315,0.45737999999999995,0.4996,0.50246,1.0,0.08673,100000.0,1,10.0,8,5
mc_dlsk,fh_off,omniscient,barrage,cw,10.0,0.50012,0.0028553896406620103,0.0012769690677537904,0.4976171866178309,0.5026228133821691,0.49585,0.50315,0.4966,0.4997,0.50298,1.0,0.08673,100000.0,1,10.0,8,5
mc_dlsk,fh_off_blind,band_agnostic,barrage,cw,-10.0,0.09286000000000001,0.02636321774746019,0.011789989397789972,0.06975204540222259,0.11596795459777744,0.0635,0.12495,0.06466,0.09565,0.12214,1.0,0.08673,100000.0,1,10.0,8,5
mc_dlsk,fh_off_blind,band_agnostic,barrage,cw,-6.0,0.12607000000000002,0.05452065663581098,0.024382378883119667,0.07828141553167553,0.1738585844683245,0.0762,0.20265,0.07808,0.1029,0.19472,1.0,0.08673,100000.0,1,10.0,8,5
mc_dlsk,fh_off_blind,band_agnostic,barrage,cw,-2.0,0.28734000000000004,0.0996861788313706,0.044581014456829035,0.19996281727035567,0.3747171827296444,0.12925,0.3916,0.15622,0.31215,0.3812,1.0,0.08673,100000.0,1,10.0,8,5
mc_dlsk,fh_off_blind,band_agnostic,barrage,cw,2.0,0.43899999999999995,0.11598194902656188,0.05186870443726158,0.3373392073782144,0.5406607926217855,0.23185,0.5002,0.28211,0.48675,0.49877,1.0,0.08673,100000.0,1,10.0,8,5
mc_dlsk,fh_off_blind,band_agnostic,barrage,cw,6.0,0.48918999999999996,0.02328745370365769,0.010414465900851568,0.4687780219161104,0.5096019780838895,0.4478,0.50315,0.45737999999999995,0.4996,0.50246,1.0,0.08673,100000.0,1,10.0,8,5
mc_dlsk,fh_off_blind,band_agnostic,barrage,cw,10.0,0.50012,0.0028553896406620103,0.0012769690677537904,0.4976171866178309,0.5026228133821691,0.49585,0.50315,0.4966,0.4997,0.50298,1.0,0.08673,100000.0,1,10.0,8,5
mc_dlsk,fh_on,model,barrage,cw,-10.0,0.09343000000000001,0.026328919461307186,0.011774650737920002,0.07035210862313884,0.11650789137686118,0.0664,0.1264,0.06688,0.09345,0.12354000000000001,1.0,0.08782000000000001,100000.0,1,10.0,8,5
mc_dlsk,fh_on,model,barrage,cw,-6.0,0.12679999999999997,0.056726481911008715,0.025368853935485533,0.07707795995739113,0.1765220400426088,0.0731,0.205,0.07571,0.10255,0.19743999999999998,1.0,0.08782000000000001,100000.0,1,10.0,8,5
mc_dlsk,fh_on,model,barrage,cw,-2.0,0.28819,0.09785055825083472,0.04376009997703387,0.2024217800851416,0.3739582199148584,0.13145,0.38795,0.15855000000000002,0.3157,0.37814,1.0,0.08782000000000001,100000.0,1,10.0,8,5
mc_dlsk,fh_on,model,barrage,cw,2.0,0.43984000000000006,0.11452435548825413,0.05121684879021746,0.33945682096954,0.5402231790304601,0.23525,0.49985,0.28502,0.48735,0.49841,1.0,0.08782000000000001,100000.0,1,10.0,8,5
mc_dlsk,fh_on,model,barrage,cw,6.0,0.49017999999999995,0.021112632474421564,0.00944185627935524,0.4716743017452603,0.5086856982547395,0.4527,0.50315,0.46132,0.4996,0.50245,1.0,0.08782000000000001,100000.0,1,10.0,8,5
mc_dlsk,fh_on,model,barrage,cw,10.0,0.50008,0.0028183771926411747,0.0012604165977961373,0.497609628862803,0.5025503711371969,0.49585,0.50315,0.4966,0.4997,0.5029399999999999,1.0,0.08782000000000001,100000.0,1,10.0,8,5
mc_dlsk,fh_off,omniscient,barrage,partial_band,-10.0,0.08389,0.016964831269423223,0.0075869031890488745,0.06901994299527213,0.09876005700472788,0.07105,0.1036,0.07118000000000001,0.0718,0.10314,1.0,0.08673,100000.0,1,10.0,8,5
mc_dlsk,fh_off,omniscient,barrage,partial_band,-6.0,0.09357,0.035229721117261206,0.015755210249311178,0.06269035534249377,0.12444964465750623,0.0609,0.13375,0.06196,0.07765,0.13287000000000002,1.0,0.08673,100000.0,1,10.0,8,5
mc_dlsk,fh_off,omniscient,barrage,partial_band,-2.0,0.1931,0.059888677978395886,0.026783031008457574,0.14060622382660368,0.2455937761733963,0.12885,0.2643,0.12969999999999998,0.2112,0.25705,1.0,0.08673,100000.0,1,10.0,8,5
mc_dlsk,fh_off,omniscient,barrage,partial_band,2.0,0.41133,0.04309964617024135,0.019274747728569623,0.37355218864090833,0.4491078113590916,0.37105,0.4819,0.37492,0.3935,0.46948,1.0,0.08673,100000.0,1,10.0,8,5
mc_dlsk,fh_off,omniscient,barrage,partial_band,6.0,0.49566,0.0036819492120342876,0.0016466177455620908,0.49243268852239375,0.49888731147760623,0.49025,0.5002,0.49109,0.4961,0.49962,1.0,0.08673,100000.0,1,10.0,8,5
mc_dlsk,fh_off,omniscient,barrage,partial_band,10.0,0.50069,0.0024638384687312525,0.001101862060332414,0.49853039004581734,0.5028496099541826,0.4973,0.5031,0.49778,0.50025,0.5031,1.0,0.08673,100000.0,1,10.0,8,5
mc_dlsk,fh_off_blind,band_agnostic,barrage,partial_band,-10.0,0.08389,0.016964831269423223,0.0075869031890488745,0.06901994299527213,0.09876005700472788,0.07105,0.1036,0.07118000000000001,0.0718,0.10314,1.0,0.08673,100000.0,1,10.0,8,5
mc_dlsk,fh_off_blind,band_agnostic,barrage,partial_band,-6.0,0.09357,0.035229721117261206,0.015755210249311178,0.06269035534249377,0.12444964465750623,0.0609,0.13375,0.06196,0.07765,0.13287000000000002,1.0,0.08673,100000.0,1,10.0,8,5
mc_dlsk,fh_off_blind,band_agnostic,barrage,partial_band,-2.0,0.1931,0.059888677978395886,0.026783031008457574,0.14060622382660368,0.2455937761733963,0.12885,0.2643,0.12969999999999998,0.2112,0.25705,1.0,0.08673,100000.0,1,10.0,8,5
mc_dlsk,fh_off_blind,band_agnostic,barrage,partial_band,2.0,0.41133,0.04309964617024135,0.019274747728569623,0.37355218864090833,0.4491078113590916,0.37105,0.4819,0.37492,0.3935,0.46948,1.0,0.08673,100000.0,1,10.0,8,5
mc_dlsk,fh_off_blind,band_agnostic,barrage,partial_band,6.0,0.49566,0.0036819492120342876,0.0016466177455620908,0.49243268852239375,0.49888731147760623,0.49025,0.5002,0.49109,0.4961,0.49962,1.0,0.08673,100000.0,1,10.0,8,5
mc_dlsk,fh_off_blind,band_agnostic,barrage,partial_band,10.0,0.50069,0.0024638384687312525,0.001101862060332414,0.49853039004581734,0.5028496099541826,0.4973,0.5031,0.49778,0.50025,0.5031,1.0,0.08673,100000.0,1,10.0,8,5
mc_dlsk,fh_on,model,barrage,partial_band,-10.0,0.08459000000000001,0.017930260734300547,0.008018656371238263,0.06887372230797038,0.10030627769202964,0.06925,0.10555,0.06964000000000001,0.0743,0.10497000000000001,1.0,0.08782000000000001,100000.0,1,10.0,8,5
mc_dlsk,fh_on,model,barrage,partial_band,-6.0,0.09346999999999998,0.03533257349811926,0.01580120723236044,0.0625002029123197,0.12443979708768027,0.06375,0.13445,0.06394,0.0753,0.13338999999999998,1.0,0.08782000000000001,100000.0,1,10.0,8,5
mc_dlsk,fh_on,model,barrage,partial_band,-2.0,0.19539,0.06137513136442154,0.027447793171765194,0.14159331392823582,0.2491866860717642,0.1295,0.2649,0.12995,0.22075,0.25793,1.0,0.08782000000000001,100000.0,1,10.0,8,5
mc_dlsk,fh_on,model,barrage,partial_band,2.0,0.4133,0.040569200140007686,0.018143097861170233,0.37774018162412065,0.44885981837587935,0.37775,0.48155,0.38115,0.3958,0.46857,1.0,0.08782000000000001,100000.0,1,10.0,8,5
mc_dlsk,fh_on,model,barrage,partial_band,6.0,0.49557,0.0030105232103406995,0.0013463469092325404,0.4929312085472074,0.4982087914527926,0.491,0.49885,0.49169,0.4963,0.49853000000000003,1.0,0.08782000000000001,100000.0,1,10.0,8,5
mc_dlsk,fh_on,model,barrage,partial_band,10.0,0.50069,0.0025135632078783967,0.0011240996397117058,0.4984868051911306,0.5028931948088694,0.4973,0.5032,0.49776000000000004,0.5002,0.50319,1.0,0.08782000000000001,100000.0,1,10.0,8,5
mc_dlsk,fh_off,omniscient,fixed_partial,cw,-10.0,0.09603,0.022481620270790093,0.010054086233964775,0.0763243530839691,0.11573564691603092,0.07175,0.12495,0.07299,0.0933,0.1224,1.0,0.09097999999999999,100000.0,1,10.0,8,5
mc_dlsk,fh_off,omniscient,fixed_partial,cw,-6.0,0.12901,0.05402212972477112,0.024159430870780044,0.08165838560628598,0.17636161439371406,0.07485,0.2035,0.07944,0.1016,0.19626,1.0,0.09097999999999999,100000.0,1,10.0,8,5
mc_dlsk,fh_off,omniscient,fixed_partial,cw,-2.0,0.28920999999999997,0.09832419208923102,0.04397191546885352,0.20302662934980742,0.3753933706501925,0.1307,0.38955,0.15851,0.3215,0.37855,1.0,0.09097999999999999,100000.0,1,10.0,8,5
mc_dlsk,fh_off,omniscient,fixed_partial,cw,2.0,0.44079999999999997,0.11408847443979606,0.05102191685932624,0.3407988805335236,0.5408011194664764,0.23695,0.5011,0.28707,0.48795,0.49896999999999997,1.0,0.09097999999999999,100000.0,1,10.0,8,5
mc_dlsk,fh_off,omniscient,fixed_partial,cw,6.0,0.48938,0.024955049589211412,0.011160237452670984,0.4675063365338498,0.5112536634661501,0.44515,0.50375,0.45527,0.4987,0.50371,1.0,0.09097999999999999,100000.0,1,10.0,8,5
mc_dlsk,fh_off,omniscient,fixed_partial,cw,10.0,0.49924,0.004323251091481979,0.0019334166648707735,0.49545057296974376,0.5030294270302563,0.4944,0.50375,0.49467,0.49875,0.50371,1.0,0.09097999999999999,100000.0,1,10.0,8,5
mc_dlsk,fh_off_blind,band_agnostic,fixed_partial,cw,-10.0,0.08291,0.00769361748464271,0.0034406903377084087,0.07616637085613656,0.08965362914386343,0.07175,0.0891,0.07299,0.08785,0.08886,0.4,0.09097999999999999,100000.0,1,10.0,8,5
mc_dlsk,fh_off_blind,band_agnostic,fixed_partial,cw,-6.0,0.0875,0.008199923780133568,0.0036671173965391398,0.080312581975703,0.09468741802429699,0.07485,0.0978,0.07745,0.0879,0.09605999999999999,0.4,0.09097999999999999,100000.0,1,10.0,8,5
mc_dlsk,fh_off_blind,band_agnostic,fixed_partial,cw,-2.0,0.17382999999999998,0.11936002576239668,0.05337942628016903,0.06920824697545784,0.2784517530245421,0.08785,0.33455,0.08786,0.0891,0.32159,0.4,0.09097999999999999,100000.0,1,10.0,8,5
mc_dlsk,fh_off_blind,band_agnostic,fixed_partial,cw,2.0,0.24857,0.21948452280286188,0.09815646259926036,0.05618686845559695,0.4409531315444031,0.08785,0.49045,0.08786,0.0891,0.48986999999999997,0.4,0.09097999999999999,100000.0,1,10.0,8,5
mc_dlsk,fh_off_blind,band_agnostic,fixed_partial,cw,6.0,0.25186,0.22398956281487759,0.10017117774090507,0.05552809933886574,0.44819190066113423,0.08785,0.4987,0.08786,0.0891,0.49811,0.4,0.09097999999999999,100000.0,1,10.0,8,5
mc_dlsk,fh_off_blind,band_agnostic,fixed_partial,cw,10.0,0.25187,0.22400333870279704,0.10017733850527274,0.05552602446258789,0.44821397553741205,0.08785,0.49875,0.08786,0.0891,0.49815000000000004,0.4,0.09097999999999999,100000.0,1,10.0,8,5
mc_dlsk,fh_on,model,fixed_partial,cw,-10.0,0.09136,0.006622820396175634,0.002961815321724161,0.08555494864056173,0.09716505135943826,0.0835,0.09945,0.08397,0.0926,0.09863999999999999,0.25,0.09004,100000.0,1,10.0,8,5
mc_dlsk,fh_on,model,fixed_partial,cw,-6.0,0.09942,0.01444158924772478,0.006458475052208531,0.08676162150262083,0.11207837849737916,0.08365,0.11975,0.08505,0.09495,0.11742,0.25,0.09004,100000.0,1,10.0,8,5
mc_dlsk,fh_on,model,fixed_partial,cw,-2.0,0.13954,0.02381423943778176,0.010650051643067277,0.11866628234609651,0.16041371765390347,0.102,0.16415,0.10812999999999999,0.14725,0.16165,0.25,0.09004,100000.0,1,10.0,8,5
mc_dlsk,fh_on,model,fixed_partial,cw,2.0,0.17868,0.028263328714077537,0.012639744855019817,0.15390655531038572,0.2034534446896143,0.1282,0.1932,0.14039000000000001,0.1905,0.19303,0.25,0.09004,100000.0,1,10.0,8,5
mc_dlsk,fh_on,model,fixed_partial,cw,6.0,0.19081,0.006053862403457808,0.0027073695721123833,0.18550365314582012,0.1961163468541799,0.18035,0.1953,0.18249,0.19315,0.19508,0.25,0.09004,100000.0,1,10.0,8,5
mc_dlsk,fh_on,model,fixed_partial,cw,10.0,0.19327,0.0016056929968085473,0.0007180877383718529,0.19186257389505135,0.19467742610494865,0.19105,0.1953,0.19136999999999998,0.19315,0.19508,0.25,0.09004,100000.0,1,10.0,8,5
mc_dlsk,fh_off,omniscient,fixed_partial,partial_band,-10.0,0.08688,0.015757720330047745,0.007047066765683436,0.0730680029426113,0.1006919970573887,0.0698,0.10355,0.07063,0.0844,0.10338,1.0,0.09097999999999999,100000.0,1,10.0,8,5
mc_dlsk,fh_off,omniscient,fixed_partial,partial_band,-6.0,0.09796,0.032090991726651266,0.014351527793235116,0.06983152240213358,0.12608847759786643,0.06835,0.13415,0.06957999999999999,0.0815,0.13358,1.0,0.09097999999999999,100000.0,1,10.0,8,5
mc_dlsk,fh_off,omniscient,fixed_partial,partial_band,-2.0,0.19894,0.06107292157740613,0.027312640846318757,0.14540820761853768,0.25247179238146233,0.1365,0.27665,0.13664,0.21545,0.2671,1.0,0.09097999999999999,100000.0,1,10.0,8,5
mc_dlsk,fh_off,omniscient,fixed_partial,partial_band,2.0,0.41233000000000003,0.04669083957266136,0.020880778242201605,0.37140442667611734,0.4532555733238827,0.3725,0.4903,0.37593,0.3901,0.47606,1.0,0.09097999999999999,100000.0,1,10.0,8,5
mc_dlsk,fh_off,omniscient,fixed_partial,partial_band,6.0,0.49528,0.006830409943773515,0.003054652189693619,0.4892929917229041,0.5012670082770959,0.48835,0.50465,0.48892,0.49205,0.50375,1.0,0.09097999999999999,100000.0,1,10.0,8,5
mc_dlsk,fh_off,omniscient,fixed_partial,partial_band,10.0,0.50017,0.00426886987386592,0.00190909664501303,0.4964282393327682,0.5039117606672318,0.49575,0.5049,0.49576000000000003,0.50085,0.50463,1.0,0.09097999999999999,100000.0,1,10.0,8,5
mc_dlsk,fh_off_blind,band_agnostic,fixed_partial,partial_band,-10.0,0.09039,0.007101619533599359,0.0031759408054937038,0.08416527040420121,0.09661472959579878,0.0844,0.1027,0.08509,0.0879,0.09998,0.4,0.09097999999999999,100000.0,1,10.0,8,5
mc_dlsk,fh_off_blind,band_agnostic,fixed_partial,partial_band,-6.0,0.09413,0.021624627164416037,0.009670827265544555,0.07517552685882471,0.1130844731411753,0.0745,0.1313,0.07717,0.0879,0.12286,0.4,0.09097999999999999,100000.0,1,10.0,8,5
mc_dlsk,fh_off_blind,band_agnostic,fixed_partial,partial_band,-2.0,0.12336,0.05555480852275525,0.024844865666773082,0.07466495809238904,0.17205504190761095,0.08785,0.21545,0.08786,0.0891,0.19966,0.4,0.09097999999999999,100000.0,1,10.0,8,5
mc_dlsk,fh_off_blind,band_agnostic,fixed_partial,partial_band,2.0,0.20892,0.16518939357597995,0.07387494263957164,0.06412777306647727,0.3537122269335227,0.08785,0.3901,0.08786,0.0891,0.39001,0.4,0.09097999999999999,100000.0,1,10.0,8,5
mc_dlsk,fh_off_blind,band_agnostic,fixed_partial,partial_band,6.0,0.24962,0.2209201003756788,0.09879847240721892,0.05597855235427668,0.44326144764572334,0.08785,0.49205,0.08786,0.0891,0.49188,0.4,0.09097999999999999,100000.0,1,10.0,8,5
mc_dlsk,fh_off_blind,band_agnostic,fixed_partial,partial_band,10.0,0.25229,0.22458317334564495,0.10043664844069619,0.05543778632832455,0.4491422136716755,0.08785,0.50085,0.08786,0.0891,0.49983,0.4,0.09097999999999999,100000.0,1,10.0,8,5
mc_dlsk,fh_on,model,fixed_partial,partial_band,-10.0,0.08964000000000001,0.004096705993844319,0.0018321026172133466,0.08604914485428028,0.09323085514571974,0.08575,0.09515,0.08593,0.0879,0.09467,0.25,0.09004,100000.0,1,10.0,8,5
mc_dlsk,fh_on,model,fixed_partial,partial_band,-6.0,0.09182000000000001,0.008014018966785642,0.0035839782365410648,0.08479553173500415,0.09884446826499588,0.08405,0.1013,0.08425,0.08945,0.10089000000000001,0.25,0.09004,100000.0,1,10.0,8,5
mc_dlsk,fh_on,model,fixed_partial,partial_band,-2.0,0.11639,0.01612255407806096,0.007210225377892151,0.10225821793891468,0.1305217820610853,0.09965,0.13675,0.09979,0.1203,0.13438,0.25,0.09004,100000.0,1,10.0,8,5
mc_dlsk,fh_on,model,fixed_partial,partial_band,2.0,0.17065999999999998,0.01074065873212626,0.004803368609632205,0.16124557052065064,0.18007442947934932,0.1625,0.1887,0.16253,0.1684,0.18517,0.25,0.09004,100000.0,1,10.0,8,5
mc_dlsk,fh_on,model,fixed_partial,partial_band,6.0,0.19153,0.002349627630072479,0.0010507854205307583,0.18947049842027994,0.19358950157972007,0.18825,0.1945,0.18867,0.19225,0.19406,0.25,0.09004,100000.0,1,10.0,8,5
mc_dlsk,fh_on,model,fixed_partial,partial_band,10.0,0.19268000000000002,0.0017630229720567987,0.0007884478422825428,0.19113467062543793,0.1942253293745621,0.19045,0.1953,0.1908,0.1923,0.19487,0.25,0.09004,100000.0,1,10.0,8,5
mc_dlsk,fh_off,omniscient,follower,cw,-10.0,0.09509000000000001,0.025514515476489065,0.011410438203679997,0.07272595207296731,0.1174540479270327,0.0645,0.1216,0.06616,0.1005,0.12049,1.0,0.08954,100000.0,1,10.0,8,5
mc_dlsk,fh_off,omniscient,follower,cw,-6.0,0.12564999999999998,0.05371262654162427,0.02402101683942626,0.07856967212269436,0.1727303278773056,0.07285,0.1914,0.07481,0.10805,0.18777999999999997,1.0,0.08954,100000.0,1,10.0,8,5
mc_dlsk,fh_off,omniscient,follower,cw,-2.0,0.29106,0.09376318840568511,0.0419321726124464,0.20887445188608822,0.37324554811391175,0.13695,0.3811,0.16493,0.32555,0.37184999999999996,1.0,0.08954,100000.0,1,10.0,8,5
mc_dlsk,fh_off,omniscient,follower,cw,2.0,0.44474,0.10947388615555767,0.04895821024098001,0.3487836711801392,0.5406963288198608,0.24905,0.5002,0.29696,0.49245,0.49884,1.0,0.08954,100000.0,1,10.0,8,5
mc_dlsk,fh_off,omniscient,follower,cw,6.0,0.4906699999999999,0.02387180868723607,0.010675797394105974,0.4697458216013056,0.5115941783986941,0.4481,0.50345,0.45816,0.50105,0.50323,1.0,0.08954,100000.0,1,10.0,8,5
mc_dlsk,fh_off,omniscient,follower,cw,10.0,0.50022,0.0031063644345118023,0.0013892084076912166,0.497497201553905,0.502942798446095,0.49575,0.50345,0.4963,0.50105,0.50323,1.0,0.08954,100000.0,1,10.0,8,5
mc_dlsk,fh_off_blind,band_agnostic,follower,cw,-10.0,0.08954,0.0063922218359503125,0.0028586885104886816,0.08393707347642373,0.09514292652357625,0.0809,0.09545,0.08167,0.09215,0.09525,0.0,0.08954,100000.0,1,10.0,8,5
mc_dlsk,fh_off_blind,band_agnostic,follower,cw,-6.0,0.08954,0.0063922218359503125,0.0028586885104886816,0.08393707347642373,0.09514292652357625,0.0809,0.09545,0.08167,0.09215,0.09525,0.0,0.08954,100000.0,1,10.0,8,5
mc_dlsk,fh_off_blind,band_agnostic,follower,cw,-2.0,0.08954,0.0063922218359503125,0.0028586885104886816,0.08393707347642373,0.09514292652357625,0.0809,0.09545,0.08167,0.09215,0.09525,0.0,0.08954,100000.0,1,10.0,8,5
mc_dlsk,fh_off_blind,band_agnostic,follower,cw,2.0,0.08954,0.0063922218359503125,0.0028586885104886816,0.08393707347642373,0.09514292652357625,0.0809,0.09545,0.08167,0.09215,0.09525,0.0,0.08954,100000.0,1,10.0,8,5
mc_dlsk,fh_off_blind,band_agnostic,follower,cw,6.0,0.08954,0.0063922218359503125,0.0028586885104886816,0.08393707347642373,0.09514292652357625,0.0809,0.09545,0.08167,0.09215,0.09525,0.0,0.08954,100000.0,1,10.0,8,5
mc_dlsk,fh_off_blind,band_agnostic,follower,cw,10.0,0.08954,0.0063922218359503125,0.0028586885104886816,0.08393707347642373,0.09514292652357625,0.0809,0.09545,0.08167,0.09215,0.09525,0.0,0.08954,100000.0,1,10.0,8,5
mc_dlsk,fh_on,model,follower,cw,-10.0,0.0912,0.0009380831519646826,0.0004195235392680591,0.09037774897236783,0.09202225102763217,0.0903,0.09265,0.09035,0.09095,0.09243,0.0,0.0912,100000.0,1,10.0,8,5
mc_dlsk,fh_on,model,follower,cw,-6.0,0.0912,0.0009380831519646826,0.0004195235392680591,0.09037774897236783,0.09202225102763217,0.0903,0.09265,0.09035,0.09095,0.09243,0.0,0.0912,100000.0,1,10.0,8,5
mc_dlsk,fh_on,model,follower,cw,-2.0,0.0912,0.0009380831519646826,0.0004195235392680591,0.09037774897236783,0.09202225102763217,0.0903,0.09265,0.09035,0.09095,0.09243,0.0,0.0912,100000.0,1,10.0,8,5
mc_dlsk,fh_on,model,follower,cw,2.0,0.0912,0.0009380831519646826,0.0004195235392680591,0.09037774897236783,0.09202225102763217,0.0903,0.09265,0.09035,0.09095,0.09243,0.0,0.0912,100000.0,1,10.0,8,5
mc_dlsk,fh_on,model,follower,cw,6.0,0.0912,0.0009380831519646826,0.0004195235392680591,0.09037774897236783,0.09202225102763217,0.0903,0.09265,0.09035,0.09095,0.09243,0.0,0.0912,100000.0,1,10.0,8,5
mc_dlsk,fh_on,model,follower,cw,10.0,0.0912,0.0009380831519646826,0.0004195235392680591,0.09037774897236783,0.09202225102763217,0.0903,0.09265,0.09035,0.09095,0.09243,0.0,0.0912,100000.0,1,10.0,8,5
mc_dlsk,fh_off,omniscient,follower,partial_band,-10.0,0.08558999999999999,0.015416322518681295,0.006894389022966429,0.0720772458195775,0.09910275418042247,0.0707,0.107,0.0713,0.0807,0.10477,1.0,0.08954,100000.0,1,10.0,8,5
mc_dlsk,fh_off,omniscient,follower,partial_band,-6.0,0.09492,0.032717304289931956,0.014631623286566668,0.06624254532297176,0.12359745467702825,0.0609,0.13535,0.06277,0.08515,0.13287,1.0,0.08954,100000.0,1,10.0,8,5
mc_dlsk,fh_off,omniscient,follower,partial_band,-2.0,0.19339,0.06320935848432573,0.028268084477021078,0.13798557251310295,0.24879442748689706,0.12065,0.26905,0.12351,0.21895,0.25991,1.0,0.08954,100000.0,1,10.0,8,5
mc_dlsk,fh_off,omniscient,follower,partial_band,2.0,0.4119,0.04325476852325071,0.019344120553801355,0.37398622040194834,0.44981377959805163,0.37435,0.48515,0.37752,0.39655,0.47077,1.0,0.08954,100000.0,1,10.0,8,5
mc_dlsk,fh_off,omniscient,follower,partial_band,6.0,0.49477000000000004,0.006565116145202629,0.0029360091961708914,0.48901552771722673,0.5005244722827734,0.4884,0.5038,0.48845,0.49465,0.50271,1.0,0.08954,100000.0,1,10.0,8,5
mc_dlsk,fh_off,omniscient,follower,partial_band,10.0,0.50027,0.003134605238303534,0.0014018380790947259,0.4975224478528175,0.5030175521471825,0.49745,0.5039,0.49757,0.4985,0.50381,1.0,0.08954,100000.0,1,10.0,8,5
mc_dlsk,fh_off_blind,band_agnostic,follower,partial_band,-10.0,0.08954,0.0063922218359503125,0.0028586885104886816,0.08393707347642373,0.09514292652357625,0.0809,0.09545,0.08167,0.09215,0.09525,0.0,0.08954,100000.0,1,10.0,8,5
mc_dlsk,fh_off_blind,band_agnostic,follower,partial_band,-6.0,0.08954,0.0063922218359503125,0.0028586885104886816,0.08393707347642373,0.09514292652357625,0.0809,0.09545,0.08167,0.09215,0.09525,0.0,0.08954,100000.0,1,10.0,8,5
mc_dlsk,fh_off_blind,band_agnostic,follower,partial_band,-2.0,0.08954,0.0063922218359503125,0.0028586885104886816,0.08393707347642373,0.09514292652357625,0.0809,0.09545,0.08167,0.09215,0.09525,0.0,0.08954,100000.0,1,10.0,8,5
mc_dlsk,fh_off_blind,band_agnostic,follower,partial_band,2.0,0.08954,0.0063922218359503125,0.0028586885104886816,0.08393707347642373,0.09514292652357625,0.0809,0.09545,0.08167,0.09215,0.09525,0.0,0.08954,100000.0,1,10.0,8,5
mc_dlsk,fh_off_blind,band_agnostic,follower,partial_band,6.0,0.08954,0.0063922218359503125,0.0028586885104886816,0.08393707347642373,0.09514292652357625,0.0809,0.09545,0.08167,0.09215,0.09525,0.0,0.08954,100000.0,1,10.0,8,5
mc_dlsk,fh_off_blind,band_agnostic,follower,partial_band,10.0,0.08954,0.0063922218359503125,0.0028586885104886816,0.08393707347642373,0.09514292652357625,0.0809,0.09545,0.08167,0.09215,0.09525,0.0,0.08954,100000.0,1,10.0,8,5
mc_dlsk,fh_on,model,follower,partial_band,-10.0,0.0912,0.0009380831519646826,0.0004195235392680591,0.09037774897236783,0.09202225102763217,0.0903,0.09265,0.09035,0.09095,0.09243,0.0,0.0912,100000.0,1,10.0,8,5
mc_dlsk,fh_on,model,follower,partial_band,-6.0,0.0912,0.0009380831519646826,0.0004195235392680591,0.09037774897236783,0.09202225102763217,0.0903,0.09265,0.09035,0.09095,0.09243,0.0,0.0912,100000.0,1,10.0,8,5
mc_dlsk,fh_on,model,follower,partial_band,-2.0,0.0912,0.0009380831519646826,0.0004195235392680591,0.09037774897236783,0.09202225102763217,0.0903,0.09265,0.09035,0.09095,0.09243,0.0,0.0912,100000.0,1,10.0,8,5
mc_dlsk,fh_on,model,follower,partial_band,2.0,0.0912,0.0009380831519646826,0.0004195235392680591,0.09037774897236783,0.09202225102763217,0.0903,0.09265,0.09035,0.09095,0.09243,0.0,0.0912,100000.0,1,10.0,8,5
mc_dlsk,fh_on,model,follower,partial_band,6.0,0.0912,0.0009380831519646826,0.0004195235392680591,0.09037774897236783,0.09202225102763217,0.0903,0.09265,0.09035,0.09095,0.09243,0.0,0.0912,100000.0,1,10.0,8,5
mc_dlsk,fh_on,model,follower,partial_band,10.0,0.0912,0.0009380831519646826,0.0004195235392680591,0.09037774897236783,0.09202225102763217,0.0903,0.09265,0.09035,0.09095,0.09243,0.0,0.0912,100000.0,1,10.0,8,5
mc_dlsk,fh_off,omniscient,sweep,cw,-10.0,0.09605,0.025732736931776225,0.0115080298053142,0.07349467604857068,0.11860532395142931,0.06775,0.12175,0.06852,0.099,0.12143,1.0,0.09004999999999999,100000.0,1,10.0,8,5
mc_dlsk,fh_off,omniscient,sweep,cw,-6.0,0.12942,0.05676616069455464,0.02538659882694017,0.0796631806092305,0.17917681939076952,0.07575,0.20435,0.07768,0.10765,0.19827,1.0,0.09004999999999999,100000.0,1,10.0,8,5
mc_dlsk,fh_off,omniscient,sweep,cw,-2.0,0.29369,0.09890047649025761,0.04422963768786717,0.20700150308252496,0.38037849691747505,0.13375,0.3905,0.16132000000000002,0.33115,0.38069,1.0,0.09004999999999999,100000.0,1,10.0,8,5
mc_dlsk,fh_off,omniscient,sweep,cw,2.0,0.44245,0.11583667381274378,0.05180373538655296,0.34091654437771307,0.5439834556222869,0.2353,0.4984,0.28654,0.49155,0.49782,1.0,0.09004999999999999,100000.0,1,10.0,8,5
mc_dlsk,fh_off,omniscient,sweep,cw,6.0,0.49140999999999996,0.024630783584774565,0.011015221286928376,0.4698205629958814,0.5129994370041185,0.4477,0.5075,0.45802,0.50085,0.50634,1.0,0.09004999999999999,100000.0,1,10.0,8,5
mc_dlsk,fh_off,omniscient,sweep,cw,10.0,0.5018499999999999,0.003300757488819771,0.001476143624448502,0.49895681166007244,0.5047431883399274,0.4993,0.5075,0.49939,0.501,0.50634,1.0,0.09004999999999999,100000.0,1,10.0,8,5
mc_dlsk,fh_off_blind,band_agnostic,sweep,cw,-10.0,0.09076999999999999,0.0050328421393880446,0.0022507554287394278,0.0863586004216627,0.09518139957833728,0.0836,0.09585,0.08467999999999999,0.0901,0.09574,0.125,0.09004999999999999,100000.0,1,10.0,8,5
mc_dlsk,fh_off_blind,band_agnostic,sweep,cw,-6.0,0.09474,0.006917224877073172,0.003093477008157648,0.0886768964770083,0.10080310352299171,0.08555,0.10225,0.08643,0.09615,0.10175999999999999,0.125,0.09004999999999999,100000.0,1,10.0,8,5
mc_dlsk,fh_off_blind,band_agnostic,sweep,cw,-2.0,0.11538000000000001,0.010230383668269729,0.004575166663630954,0.10641283811601507,0.12434716188398495,0.0995,0.1247,0.10193,0.118,0.12437000000000001,0.125,0.09004999999999999,100000.0,1,10.0,8,5
mc_dlsk,fh_off_blind,band_agnostic,sweep,cw,2.0,0.13414,0.012449919678455755,0.005567773343087878,0.1232273647734656,0.14505263522653442,0.11235,0.14375,0.11735000000000001,0.13755,0.14293999999999998,0.125,0.09004999999999999,100000.0,1,10.0,8,5
mc_dlsk,fh_off_blind,band_agnostic,sweep,cw,6.0,0.14052,0.0030322433939246984,0.0013560604706280596,0.13786217031671058,0.14317782968328943,0.13775,0.1454,0.13785,0.14035,0.14449,0.125,0.09004999999999999,100000.0,1,10.0,8,5
mc_dlsk,fh_off_blind,band_agnostic,sweep,cw,10.0,0.14177,0.004059033136105196,0.0018152548030510747,0.13821216596325656,0.14532783403674346,0.13775,0.1466,0.13785,0.14085,0.14636000000000002,0.125,0.09004999999999999,100000.0,1,10.0,8,5
mc_dlsk,fh_on,model,sweep,cw,-10.0,0.09005,0.005435876194322309,0.002430997737555508,0.08528533198789286,0.09481466801210715,0.08185,0.0971,0.08342000000000001,0.09075,0.09585,0.12191999999999999,0.08931,100000.0,1,10.0,8,5
mc_dlsk,fh_on,model,sweep,cw,-6.0,0.09416,0.008050341607658646,0.0036002222153639347,0.08710369412154567,0.10121630587845432,0.0843,0.10635,0.08579,0.09225,0.10431,0.12191999999999999,0.08931,100000.0,1,10.0,8,5
mc_dlsk,fh_on,model,sweep,cw,-2.0,0.11419000000000001,0.012637810332490354,0.00565180059803953,0.1031126743800406,0.12526732561995943,0.094,0.12905,0.09827,0.11585,0.12658,0.12191999999999999,0.08931,100000.0,1,10.0,8,5
mc_dlsk,fh_on,model,sweep,cw,2.0,0.13309,0.014938139107666653,0.0066805389004181365,0.11999638435786165,0.1461836156421384,0.1072,0.14395,0.11292,0.136,0.14365999999999998,0.12191999999999999,0.08931,100000.0,1,10.0,8,5
mc_dlsk,fh_on,model,sweep,cw,6.0,0.13891,0.004989789574721562,0.0022315017364994355,0.1345363369650225,0.1432836630349775,0.133,0.1452,0.13368,0.1371,0.14473,0.12191999999999999,0.08931,100000.0,1,10.0,8,5
mc_dlsk,fh_on,model,sweep,cw,10.0,0.14018,0.003748766463785124,0.0016764993289590082,0.13689412169513476,0.14346587830486524,0.1364,0.14515,0.13654,0.1394,0.14469,0.12191999999999999,0.08931,100000.0,1,10.0,8,5
mc_dlsk,fh_off,omniscient,sweep,partial_band,-10.0,0.08715999999999999,0.015046610914089594,0.006729048966978916,0.07397130637451486,0.10034869362548511,0.07385,0.10605,0.07421,0.0796,0.10497000000000001,1.0,0.09004999999999999,100000.0,1,10.0,8,5
mc_dlsk,fh_off,omniscient,sweep,partial_band,-6.0,0.09714,0.03364112810236899,0.015044769855335111,0.06765279292784931,0.1266272070721507,0.06575,0.13385,0.06657,0.08355,0.13362,1.0,0.09004999999999999,100000.0,1,10.0,8,5
mc_dlsk,fh_off,omniscient,sweep,partial_band,-2.0,0.19797000000000003,0.0636081716448445,0.02844643914446938,0.1422160037884297,0.2537239962115704,0.1287,0.2726,0.12976000000000001,0.2255,0.26389,1.0,0.09004999999999999,100000.0,1,10.0,8,5
mc_dlsk,fh_off,omniscient,sweep,partial_band,2.0,0.41172000000000003,0.04293947193434031,0.019203115632625865,0.37408258496909524,0.4493574150309048,0.37045,0.4815,0.37442,0.39555,0.46936,1.0,0.09004999999999999,100000.0,1,10.0,8,5
mc_dlsk,fh_off,omniscient,sweep,partial_band,6.0,0.49341999999999997,0.0067023876342688655,0.002997398872355836,0.48754520616288155,0.4992947938371184,0.48405,0.4998,0.48502999999999996,0.49585,0.49953000000000003,1.0,0.09004999999999999,100000.0,1,10.0,8,5
mc_dlsk,fh_off,omniscient,sweep,partial_band,10.0,0.49837999999999993,0.003485075321998091,0.00155857306533894,0.4953252529246614,0.5014347470753384,0.4925,0.5016,0.49369,0.4993,0.50129,1.0,0.09004999999999999,100000.0,1,10.0,8,5
mc_dlsk,fh_off_blind,band_agnostic,sweep,partial_band,-10.0,0.08973,0.003666333318180441,0.0016396341055247663,0.08651637620534791,0.0929436237946521,0.0847,0.0937,0.08524,0.09055,0.09342,0.125,0.09004999999999999,100000.0,1,10.0,8,5
mc_dlsk,fh_off_blind,band_agnostic,sweep,partial_band,-6.0,0.09085000000000001,0.005039717253973678,0.002253830073452743,0.08643257422875937,0.09526742577124066,0.08355,0.09705,0.08465,0.0912,0.09632,0.125,0.09004999999999999,100000.0,1,10.0,8,5
mc_dlsk,fh_off_blind,band_agnostic,sweep,partial_band,-2.0,0.10317000000000001,0.009857078674739284,0.004408219595256115,0.09453004835735429,0.11180995164264573,0.0916,0.1166,0.09256,0.10275,0.11498,0.125,0.09004999999999999,100000.0,1,10.0,8,5
mc_dlsk,fh_off_blind,band_agnostic,sweep,partial_band,2.0,0.12977999999999998,0.006854341689761319,0.0030653547918634166,0.12377201500811041,0.13578798499188954,0.124,0.14155,0.12445,0.12805,0.13905,0.125,0.09004999999999999,100000.0,1,10.0,8,5
mc_dlsk,fh_off_blind,band_agnostic,sweep,partial_band,6.0,0.14014,0.002726352875179591,0.0012192620719107129,0.1377502902513393,0.14252970974866067,0.1374,0.1439,0.13746,0.1401,0.14344,0.125,0.09004999999999999,100000.0,1,10.0,8,5
mc_dlsk,fh_off_blind,band_agnostic,sweep,partial_band,10.0,0.14074,0.0027028688462446635,0.001208759694893899,0.13837087453204433,0.14310912546795568,0.13775,0.14395,0.13785,0.1411,0.14368999999999998,0.125,0.09004999999999999,100000.0,1,10.0,8,5
mc_dlsk,fh_on,model,sweep,partial_band,-10.0,0.08892,0.00533778980477875,0.002387132170618123,0.08424130691925155,0.09359869308074845,0.0826,0.0948,0.08316000000000001,0.0878,0.09464,0.12191999999999999,0.08931,100000.0,1,10.0,8,5
mc_dlsk,fh_on,model,sweep,partial_band,-6.0,0.08997,0.007650212415351615,0.0034212790006078134,0.0832644163777455,0.0966755836222545,0.0812,0.0982,0.08187,0.08835,0.09806999999999999,0.12191999999999999,0.08931,100000.0,1,10.0,8,5
mc_dlsk,fh_on,model,sweep,partial_band,-2.0,0.10228999999999999,0.010018383103076064,0.004480357128622672,0.09350866139002227,0.11107133860997771,0.0906,0.11055,0.0909,0.1091,0.11026,0.12191999999999999,0.08931,100000.0,1,10.0,8,5
mc_dlsk,fh_on,model,sweep,partial_band,2.0,0.12871,0.0064825149440629875,0.0028990688160166174,0.12302792953190425,0.13439207046809573,0.12195,0.13715,0.12211,0.12905,0.13624999999999998,0.12191999999999999,0.08931,100000.0,1,10.0,8,5
mc_dlsk,fh_on,model,sweep,partial_band,6.0,0.13937,0.0027022213084793804,0.0012084701072016645,0.13700144211349147,0.14173855788650852,0.13595,0.1425,0.13624,0.1397,0.14226,0.12191999999999999,0.08931,100000.0,1,10.0,8,5
mc_dlsk,fh_on,model,sweep,partial_band,10.0,0.13997,0.002762833690253546,0.0012355767883867053,0.1375483139946284,0.1423916860053716,0.1364,0.14285,0.13677999999999998,0.13975,0.14279,0.12191999999999999,0.08931,100000.0,1,10.0,8,5
