jsr_db,ber,ber_std,ber_min,ber_max,mse_tau,mse_tau_std,mse_fd,mse_fd_std,n_realizations
-10.0,0.013460697076806069,0.00023643411093168812,0.013218737470485133,0.013814130619869493,53.96849659238619,0.09781240881955137,5.336533484116878e-10,2.249112491049393e-13,5
-8.0,0.015300520457750637,0.0002453114539622274,0.015068797500615143,0.01577408835514754,59.29093043401939,0.10581724833450332,5.339578274955012e-10,2.2477846814464228e-13,5
-6.0,0.019068895916972063,0.00048648996054227733,0.018647255803498346,0.019994255354614836,65.68982093389727,0.1346069527592278,5.34131991689129e-10,2.773253413928427e-13,5
-4.0,0.026516232059289508,0.0003997816265970805,0.0257741433403604,0.026956975318077198,72.75660075373395,0.1817570554458932,5.347146758022491e-10,2.481689148592252e-13,5
-2.0,0.04246749219947941,0.000573032729004672,0.041557178695738085,0.04309883559806791,79.6191690712621,0.14988768044514456,5.365375535032796e-10,2.8225788451263004e-13,5
0.0,0.07397146569491493,0.000827132002632058,0.07262347450827036,0.07508497642478043,86.25427107078825,0.4976337845394434,5.396023084958591e-10,7.20393307281604e-13,5
2.0,0.1271588453089569,0.0009412941911478835,0.12596881200396823,0.12867107780612244,92.0411774632903,0.3834268023057883,5.44319775406287e-10,1.427112039107041e-12,5
4.0,0.20147693452380952,0.004193891578398008,0.1953869047619048,0.20664992559523812,96.90735130709267,0.7707318732886071,5.498312394170919e-10,1.801575776197472e-12,5
6.0,0.2773158482142858,0.005092328573992712,0.27036830357142855,0.28594680059523814,103.50119831695076,0.6245713924408207,5.666340335788184e-10,1.5765923919830693e-12,5
8.0,0.34538690476190476,0.0046560975735601235,0.3377046130952381,0.35184151785714285,115.87246101375322,0.9647619839585808,5.942263564959199e-10,2.336151705226028e-12,5
10.0,0.40078125,0.006137096273598321,0.3899739583333333,0.40773809523809523,134.7517842509076,1.9284551664063931,6.557713651302666e-10,8.446139741542973e-12,5
